Record,Time_to_Event,DNB_Std,External_Correlation,Variance,Autocorrelation
51,-39.06052053951071,2.649376454182843,0.0007098095666086685,0.7663230155054296,0.9581398309049955
52,22.5766623898692,2.124104474952408,0.03579224510356015,0.7347975008366302,1.0247515154867919
46,-1.899076826328674,0.6371841213845724,0.4983389657674091,0.05612798989431306,0.5693706112536185
52,-27.61159757208686,3.0742228545983776,0.09473235937869362,0.7692189546050625,0.9696987612932201
52,-129.04744554453117,2.5566352052688823,-0.0186429725740532,0.7359229881126412,0.9098864083032739
31,-2.8531642864004283,0.7367170062126557,0.6726226545635633,0.21926515326480248,0.5692815210300922
46,138.20244964750336,0.5251479883788083,0.4112670541144229,0.2365394241925141,0.47162932716352685
46,84.54200461549777,0.923137743561051,0.5771796177235662,0.19608378845572408,0.6190474985193483
46,109.3186626639397,0.6229288387878492,0.5356252788706084,0.13454664290016902,0.6021962776678141
52,-101.12156764311851,3.0400240328573243,0.0026053641365506863,0.7804949232508753,0.9922227936035832
51,-148.96048202585808,2.2763390521706244,0.008283847725420894,0.8655622147148248,1.0050868930893104
46,-62.57869200996481,0.7093709817617083,0.42670311008762407,0.3455434483915325,0.5960932178608261
52,-44.42750877113054,2.5339277552637016,-0.027140075760482302,0.6378212127599501,0.869687160579902
31,59.41915184709485,0.356152109780227,0.542532130833011,0.2440059929023145,0.4315559597913817
51,-219.24646297148195,2.7423664086472375,0.07982205687908764,0.6519019787335684,1.0036464807253673
31,102.95503194606138,0.6389554385802754,0.44606949855367295,0.2457213063692514,0.4711467099318204
51,-65.80078985789893,2.178225083841269,0.03820150063945142,0.8302806095903466,0.9982663333580563
52,-92.688106994742,3.0149804087905805,0.08720928551575173,0.859690362796288,0.9852168104927039
30,-151.21043752601673,1.0099872123729141,0.4320769346807045,0.12396363587838695,0.3887672530329419
51,-215.48566718657693,2.298175768379002,0.0633409198147701,0.9414064719221571,0.929110849374319
31,32.317058396191456,0.5571906773795073,0.5523223185737033,0.23824333156925356,0.6274683849679487
52,-42.66820328115961,2.7117995327967304,0.06850305576344777,0.5984176609143588,0.9319185945313727
51,-178.9960899741054,3.5312624596215727,0.04381336599501217,0.7320481984704953,1.021778549658181
30,-179.5078772063616,0.6193781149840427,0.2167674075015859,0.19585282220008524,0.43839287846636765
30,-83.57846992901281,1.042791904919933,0.5813980860197742,0.09009607754681409,0.6617044924521682
46,116.9021525289393,0.43458623138228786,0.5128617450404966,0.37966652016750174,0.4229575200862121
46,-75.95913513636049,0.24570982141427455,0.47743436192877486,0.11465045199386585,0.6143361530205829
31,-200.3142953118106,0.30437333342208184,0.6389024362962762,0.13305630863665097,0.5184858654060365
51,-74.57430640859442,1.9688032359265601,0.009449956818557759,0.9521012239168286,0.9972655885617933
51,-77.27235697476705,2.714153548603824,-0.005702322508099669,0.451410493902667,0.9223715326940574
46,-319.68866429415715,0.38884757042299134,0.36072645278330034,0.2552905228599482,0.2797086646794281
51,-55.42948665178122,2.9928649978399315,0.06063698879288302,1.1136364859054653,1.0522240778599972
51,-73.0934530208678,3.0936930257823754,0.08914368674742863,1.0895592836915733,0.9001385856280611
30,19.620636481341833,0.7706831521359941,0.4770617668144533,0.22006986942888784,0.38748021722622766
46,134.8956094945345,0.22767314595592392,0.4751384146233323,0.2257253421111502,0.39113065895236576
52,62.65650295477573,2.662898158291083,0.07753987861368317,0.8165974837625021,0.9307755439479241
46,-76.88886905548306,0.6532376265582784,0.5045563881141898,0.12505840130430268,0.5562854480457131
52,-160.65259087416703,2.3234168535946558,0.008717315859892896,1.0256479566537675,0.9741395062030158
30,207.33598032498605,0.3026496338443589,0.5703440133138894,0.14549127700044098,0.5780201721186076
31,-44.078156598551175,0.7563575681199848,0.7154928677383142,0.3816755629575105,0.38257977042798536
51,-48.60707080870538,2.584230488134807,0.0503589233453971,1.0020549173672033,1.025997600295715
30,-52.41250871100033,0.7670742502509527,0.4058977299333621,0.35361567728549453,0.6647877605783673
51,-30.191523923214504,1.9967287173601793,0.05802448119867401,1.0756934710907617,0.9879893618476538
31,-64.43604119239424,0.665975365995435,0.41977199728604564,0.2299085734021106,0.5126312514586999
31,-107.36620068802362,0.14732161831254453,0.6481960768436537,0.2833157766629435,0.730594658596774
30,-104.68589412403921,0.23147904731701863,0.47167819610547673,0.13697507049955637,0.3600657834151229
31,-53.275327021599836,0.6791684654760154,0.44344236321260094,0.28642483846986366,0.579643036664211
52,-104.3424771133765,2.196089006452784,0.06561891052332859,0.5042906126002402,0.9831420546510816
31,-121.28457826771644,0.6389618876297369,0.5718417423471641,0.1280010466778061,0.46751420735014537
51,-39.356977230810315,2.488565968850559,-0.012893407795444387,0.5127492270143765,0.9820947061429318
51,-75.49772174208553,2.0003488838525447,0.08656901262874962,0.9387846466382517,0.898515188018347
51,100.39929885826885,2.2476125393858912,0.07952110306257318,0.9433178679519304,0.9257991438188957
51,-315.0969808393012,2.9203100132522763,0.042892673152972696,0.453947453903131,0.9497963581439282
52,59.15068519224617,2.7733667841006895,0.06693436589608451,1.0667771491001146,0.9479370173674969
46,74.6085192497629,0.2909684544711275,0.565230615161023,0.22408767572004076,0.6120936512406245
30,-257.339023240815,0.6746079701254181,0.33686648895829263,0.13343065351064531,0.6569628586939493
51,-84.26875940803487,2.304120925478089,-0.007150965603686429,0.671777147955071,0.9667163527276751
31,-87.14408659957914,0.3383474431421785,0.39448923245195505,0.2124285694850851,0.6193611755172588
51,-190.75116947178213,3.307687844734721,0.04676556974837408,0.5362063003394979,0.9080749691808023
31,-127.78166875908752,-0.08878770750177367,0.40373489880810237,0.2776936702931517,0.5902091311588268
31,-161.05758454658286,0.6048950141899081,0.5692769031848861,0.2030476413920629,0.5207488797852182
51,125.22704434236226,3.2606580259612254,0.042487850560087005,1.069029524090483,0.769945744777024
52,43.56783931474611,2.9991554490739802,0.10958537485535325,0.8719477950253577,0.9149355214604225
31,77.15550949941587,0.42096553517532526,0.5251316648238102,0.1450210640361967,0.3395294990202188
31,22.167206404323508,0.7037428326314586,0.47686990570703003,0.16847336660837442,0.3875878141139227
51,-162.90517712172291,2.487902196804542,0.03032350720151356,0.731635635950773,0.909723665874474
31,-102.45202662797738,0.4011656640958726,0.6471034690817103,0.27151743901280584,0.33127209203588315
31,-1.062543877208192,0.7195612112864886,0.4300504779832357,0.19488813069846225,0.5831211103199756
51,-172.21278088919453,1.9104801044200987,0.08015473424744168,0.6871607640279027,0.9997175759907712
51,21.2998430172388,3.0938396942307818,0.007473236062647805,0.5011924413420499,0.9951135699971726
30,-74.03253981581351,0.6407802769425579,0.42038631968135043,0.14840946868676602,0.3878865987242078
52,-87.48208075495975,2.6005798279364196,0.06323876554889898,0.7004654953141922,0.9771516139644826
52,21.095996820349143,2.641643935773071,0.11376953689995074,0.5463726390049375,0.9383051099773203
31,-5.573668851396022,0.6837406382040807,0.4517090160539482,0.13048506419231276,0.5147076827445974
52,-86.096616581908,2.7933469007376375,0.07666796223527247,0.8136743131935318,0.9704842671873275
31,65.9329803364248,0.42677585789773964,0.5243091727660699,0.12970885619604328,0.5201738654796044
30,-158.10633275998973,0.4882078137117106,0.5951306244299484,0.17621929625740604,0.5530369188998799
51,11.593560694426372,1.8270101598766257,0.10286841526891126,0.5905684862619471,0.941993493020103
51,9.310125796838378,2.563189789773206,0.0936098500036489,1.1422057618381576,0.9809180283129832
51,-80.95464393139903,3.4694644995291424,0.034245663440294574,0.904792102415347,1.0227800239628648
52,-17.3866977757882,1.9998343376972127,0.021412697902196933,0.7200200019781368,1.0015826887287587
30,-175.1113576385303,0.10633424197057811,0.627257016292857,0.31273500893554856,0.35999287655982615
52,42.402701920690106,2.7569539248294577,0.09665640361705347,0.7790064584872752,0.9722447947504942
52,-68.4902136442989,2.589790890969799,0.03886396496116965,0.922558148316658,0.9925359697230323
30,-102.27230205190395,0.6160425562067607,0.40071339989144544,0.31910906831461916,0.6592024898576083
30,54.900922583688924,0.8272941275557901,0.3554794735587774,0.1853146478744699,0.44122620306801014
30,-120.43436905427592,1.1036811337102295,0.5666269672043523,-0.021977794745185075,0.3556799206214206
30,-190.84612963635595,0.8071128638320944,0.5577978523639557,0.06003184952673138,0.5638186998848573
51,-205.66291735239037,2.7049093284642565,0.042981247054733177,0.7313588146313925,0.9119119814658677
46,10.60099513456396,0.8135265422254261,0.4871340553647944,0.08369573497153981,0.5663597868560762
46,-178.0429352496283,0.5434663499290674,0.640693474589175,0.15865762293635588,0.5204797877281917
30,125.47941819843646,0.5071709129854867,0.45158815054151824,0.20323962136835788,0.5409140922775993
46,-258.1929407883722,0.39457572928588025,0.5955269237207206,0.3462254604034729,0.6414840662825555
46,119.64563682900382,0.9690240076496324,0.4961257105010457,0.1709546083772211,0.412580072998585
30,-28.89825327973816,0.2544714002173996,0.43916492353206626,0.3072541799572759,0.4888152895913687
46,-59.67131118703924,0.9597103174034347,0.5592530307317761,0.342876016203677,0.45473098514904664
52,-104.49190868089497,1.413665226992982,0.06405046251409031,0.9713474842940917,0.9376332018051791
31,-10.086388564792912,0.08020814755941758,0.5356972759266926,0.22847545933855684,0.4671624740583198
31,-53.763470242484836,0.6102947878974265,0.5081278422056199,0.003671085216102571,0.6107721095982449
30,60.33018820165215,-0.13000795229548723,0.4962106918283169,0.24608248654038656,0.5566602148392725
51,-38.57723513379604,2.6659901652845073,0.2121546484797367,0.890099144755607,0.914296744100891
30,-34.969823853812244,0.7655694448966973,0.6184256645196173,0.1918932894564583,0.5146475611653318
51,-86.36122122138559,2.85472590856952,0.04092754653762416,0.9111882903291685,0.9350242481226261
31,-55.694562372106745,0.5370643087866747,0.5111799158203388,0.2859833561467458,0.41994096576518947
30,-19.21982311079408,1.0862472301250858,0.6007157200596669,0.25682733771527844,0.46904901140727706
52,-221.01683926566255,2.3702266612080414,0.13515863049590188,1.144431019561639,1.021908460057285
46,-184.8185422105713,0.18232772388301988,0.5026204752774036,0.23333698512608783,0.527751585888189
51,24.326409402271494,2.807683742006527,-0.039318773267734336,0.6792323405013627,0.9506260932164893
46,-32.91345618720581,1.0887761571592383,0.4919082662337312,0.15008610485296345,0.4861664717983622
46,-68.39833363526792,0.5011087015543542,0.18295742641219442,0.31971680272478536,0.46225765988696704
30,-48.15660669346068,0.8034389106225068,0.5210600839297642,0.1192408659901704,0.8157771283044298
46,-15.241829463832893,0.9024427746592643,0.451152391988964,0.1776527494763061,0.5906787272932399
52,-103.97596803093614,2.6836436567006703,-0.009984876418265412,0.8271718848163314,0.9686324093240027
46,-127.83047254023127,0.35440824938963955,0.5019344070811754,0.3783922595201769,0.4766791501793606
30,-30.415474490231844,0.8692623539464205,0.3811036580465038,0.3681492457418016,0.45487811730561234
52,-147.8372777615032,2.3253416019409014,0.00859018635173827,0.8086081741700776,0.9621737538568385
31,-9.174724428552814,0.6688642580523064,0.3953878914937496,0.2147298000389084,0.5292828843586683
46,-220.25836042378404,0.23605569394938375,0.5473407415712467,0.13195059522359526,0.31195644559369184
30,52.915563732564365,1.0961183335098323,0.5290947364339486,0.2614944639031378,0.3430610404625316
31,-2.740251758695699,0.34070873065641066,0.5957839631108268,0.2509683077242329,0.43631176110610426
31,-24.397026568612436,0.39945866564856447,0.42091182083054346,0.28117055716132655,0.5207139436778568
51,48.26909839455139,1.9660985392104036,0.04203188839270468,1.08240537570865,0.9759935509050955
52,116.54744444625766,2.9751537959867878,0.03147086187996086,0.6743712521661643,0.9605004154011294
46,51.437006501813045,0.7561927929656671,0.5701494781924714,0.09720762349892612,0.3517603213004231
30,-234.08742313316452,0.6244596501085731,0.5518871180440122,0.028939664556348582,0.42486545303966294
51,-177.95769667357015,2.415589138404995,0.07606399525069073,0.6014843986542354,0.9429723257248783
52,-112.48185776956788,2.5350260815565906,0.06608392706882502,0.8040834334425837,0.9184379431879649
51,-47.39089497891662,3.0809391513040953,0.05840299029834101,0.506865228531581,0.9799725343160851
52,1.7659020469123021,2.036323432904713,0.00024257590733102463,0.44618993925212025,0.9692855420265726
52,-122.57438131534656,2.6191844913673927,0.04092484189321664,0.8733492815784515,0.9095054950455296
46,-31.323323552292166,0.5723965804750343,0.5138645183710084,0.10453818980499399,0.4900685662207968
52,-125.53829323533225,2.7505470849699227,0.05892383319426949,0.8404560815242439,0.9646676018161491
51,-111.15178029919483,2.5947908082993716,0.12144288539067838,0.79642100459833,0.9864909681133814
52,-190.66610968482223,3.0005230462835706,-0.023706606602105287,0.6047199902672405,1.019596044383996
46,-142.3233246110904,1.0266427094946469,0.6103933546701907,0.2894232774500935,0.5881062187380666
46,-185.16846056163337,0.9719059175644569,0.47437191757484276,0.12336774752185738,0.5540589541812241
51,-147.5873252977333,2.172962158436288,0.11264213172137419,1.0781944716002803,0.9905013619253058
31,55.36417966078395,0.4547486865299914,0.45931147554956253,0.23657599860929157,0.46244910193605004
31,-144.9398888831943,0.4778157303174822,0.4465243329155677,0.005843219937977873,0.43439027639943584
52,213.23820648373908,3.1868292725814786,-0.04844615712080416,0.5915456823905504,0.9562774293325573
30,-0.6682099119110774,0.558507495208438,0.35027423548213554,0.23461173287977227,0.450268285364233
52,-31.51638763051261,2.9764372736014693,0.1521038020071872,0.7337137257436994,1.065881839433694
51,-135.83577801812135,3.3061391289943227,0.0638679230982338,0.696266656075758,0.8796353278253798
51,20.030987940899138,3.157457226792024,0.04888605104081434,0.970640309010311,0.8850948048156421
51,-107.5637826237774,3.3199822646856965,0.06610411553834927,0.8058861183355105,1.015711328785179
51,-37.79901853546386,2.8710637455359462,0.0494453998025699,0.9033288891871936,0.9856633125398271
51,206.00845382687947,2.537716819450796,0.009349281386993508,0.6037348126965071,0.8987017591259611
46,-59.60598997246499,0.3105266812504006,0.5384202072005897,0.36672568417495344,0.5578909818069134
31,64.92733262856758,0.5759495714113944,0.4005571478200208,-0.012399281812563556,0.4935662352620834
51,-120.31764251258875,2.078376702341904,0.05088066259668287,0.7362307289010538,0.9484868471201506
30,-53.49884904969617,0.4899162305888861,0.3816943815265611,0.41355867300773663,0.6015627883994471
30,127.080063563551,0.6364222736423403,0.47472367449038144,0.22820342192093426,0.518745938208891
30,-112.69670577877673,0.3450711068337285,0.6029413100955326,0.3650572963232848,0.5052457386889444
30,131.24485579969289,0.4410600249715709,0.5796701927070742,0.13707878504705578,0.5779828640755049
46,20.775193545547538,0.4382421707358979,0.5015182942540433,0.19679525058362865,0.46248910050564357
30,-106.24667758942677,0.27602649603792834,0.4025193424077158,0.20335247023885877,0.6568518985472555
51,13.240773905552096,2.188675319132774,0.010899825374448155,0.9395173940678399,0.9354779258994425
52,47.25544496267298,2.5973037276186215,0.01201484412598565,0.6327816659560748,0.9722072585543629
30,12.180996221719639,0.3526538758573686,0.26796844017695765,0.0903124920616014,0.6433832838659845
46,-207.02247198904564,0.41453735198909875,0.5782629826316519,0.28220660780325274,0.36227045107279
46,-122.71371758248686,0.42314607425138595,0.49757671661303077,0.28721531056840555,0.46566648241475506
30,-74.75186355515048,0.42755076623876637,0.6202451247983072,0.23240364427065335,0.6142207392885558
52,-57.44334291000463,2.28534888774137,-0.053779400453926665,0.8058381007871135,0.9386114510438183
30,12.0672097550678,0.6438324554258191,0.18232961868039993,0.1835850587278226,0.48285043996117605
46,-32.22989990667462,0.7623551222397568,0.5279083858345185,0.32019316695395433,0.42653289063231403
31,-183.53443587101012,0.30507043194551986,0.5291563676681973,0.2008788442632072,0.5955935822330762
51,-11.980214899403677,1.7476398129844988,-0.0021288847335288116,0.8914648562173532,0.9553991960362614
46,11.058574528382316,0.18738667632706912,0.4021500454133394,0.17344073667375887,0.3835336651487605
30,5.979044793103981,0.35383912364152187,0.7755217743719902,0.2684450477636428,0.37960863510336196
51,58.078072555462185,1.7712242502675348,0.022472403414575615,0.9182272235847866,0.9529845940289867
30,33.392215454890405,0.2690011801407628,0.5730958976376216,0.2976431377198068,0.5629360633428893
30,-4.081992077156329,0.11116500072503166,0.4349340172631616,0.08678508592839934,0.4700930914769945
31,-57.0165711458647,0.3631637517577435,0.2909697101146843,0.09010837452718062,0.567929381998235
51,-216.09609335159914,3.170225223011572,0.11516390186580319,0.8189242089338716,1.0063894013555823
51,-7.038178086741418,1.5624137651771277,0.07930829001963917,0.47489119328758783,0.9556985334063886
31,-29.231231283688885,0.3327730840675036,0.46001217613316286,0.1546108583846872,0.4576098927667404
46,-22.842116280462655,0.3761006533569698,0.48853591644936073,0.289005773247546,0.5063232146513101
30,-177.67485758203094,0.22199050734580678,0.5264268271645637,0.13927385859139157,0.47241600401035433
52,-158.10565404082624,2.6065983141188447,0.05039400923473641,0.7430326124515598,0.953693171720544
30,55.31528533329035,0.2454714097427556,0.37359938320526365,0.339922795007116,0.31843510241211825
30,-53.95551538566551,0.6719383439723601,0.5486184791561939,0.3539142345810651,0.4485911195632102
46,18.15006973726244,-0.035759947580233375,0.3050628244677577,0.3572398210270327,0.5897655771649744
30,-47.16816238695388,0.39211109826426127,0.29496425427157996,0.17178742230660887,0.6256197439413682
31,-47.024386050425484,0.5903322017575227,0.5739180494701568,0.32307029049844704,0.6187713384138456
31,43.828380597599775,0.5551503548967514,0.5507020272135357,0.1051047172231322,0.4184090464851447
51,-101.60447282173739,2.4696695930926897,-0.030013555225185493,0.7523532649888766,0.9160055730131906
52,-40.38792230590166,2.145796616544769,-0.010864134611023965,0.717896303454054,0.910201481307475
30,-96.22752887050424,0.19878362094739693,0.4292089059325925,0.36728682018985304,0.5635100011597926
30,-93.44962274323156,0.4713607258732781,0.4737253252313496,0.11360201509239218,0.5400169605200498
46,-80.91721234686393,-0.03287390003993551,0.34041060314258864,0.187346742025294,0.29859367257622366
31,-27.786622836628716,0.47582007521097175,0.4260971341976767,0.10896756580717161,0.41331154151165334
52,-97.87486216634773,2.754362511614967,-0.04842521067190268,0.7277981553494861,1.0361537358823125
51,75.57561255735207,1.7094046489839334,0.08274877921108449,1.3406055128810168,1.0319628258370876
31,-139.46073022195037,0.33513791762133954,0.45805652473414493,0.06951831095670508,0.5767307362602487
51,-68.6871644161359,2.2584694741582805,0.00030686625825733505,1.0206435144107318,0.9788536091917569
46,-93.9731058274175,0.30933264757867895,0.3085939929412532,0.05662699751897715,0.5330783806538236
46,94.6977884353733,1.0216554055559994,0.5659451241113611,0.11625942746845087,0.5084865458361104
30,-30.34452234884254,0.4036271701646265,0.4196051585272519,-0.010688911462608086,0.5685619374218482
52,53.184453946863485,2.365734676047084,-0.013224920347748276,0.31293753364342236,0.95587943149436
51,-198.5560373036972,2.0544038872923562,-0.03965532262672884,0.9368326417217909,0.9575703698036009
31,-23.294973413074118,0.6446200182006159,0.6320414009783835,0.0035463961897075347,0.47316312008626193
46,38.96307956234371,0.6106199441952559,0.41255643516600815,0.05188542753782843,0.5081291425042481
30,-41.771601072457585,0.6181391894648754,0.5627606297561831,0.1997631083867192,0.5484591378839275
30,56.548037506535124,-0.07830177380368297,0.47204925367034667,0.14563931039069475,0.5267475388898061
51,-101.72884501003722,2.4343715164538478,0.030005046893443146,0.8067438109802106,0.9799498170842131
46,90.93474401855798,0.7535473913552965,0.481614610684079,0.38338965460243757,0.6342721861351186
52,179.88981236192504,2.387572009095961,0.047755348493873154,0.5770355625295172,0.9252904988466544
46,-86.2838560439659,0.07844304595892748,0.49859010340933285,0.2557137618403482,0.43510014795268426
51,-94.55025214007718,2.584327335983364,0.016494239977288355,0.6806210430536057,0.9981251295976649
51,95.3384477117701,2.7209703247847044,0.10858589573580799,0.465106107909351,1.0082797447572063
46,107.95721457307124,0.8740675146604158,0.5084505145692862,0.050445846350179624,0.39185866192607127
51,-102.28600271532683,3.205466189873135,0.07437801485433593,0.8068750618052921,0.9389534137530193
46,-92.01868170958574,0.785434783117426,0.5923508616047368,0.1827154325185889,0.5516396667786578
31,-78.17846088605071,0.39004789388958444,0.3949376678172199,0.15642355030293809,0.3754948776496005
46,-184.44505110342772,-0.01116147604801565,0.5868772500590771,0.24423168681644852,0.461718251901325
46,-141.86519464841982,0.2226602035611337,0.3813663572890146,0.12492703929944013,0.4393916167780341
51,-150.4140766752068,2.9765683169566226,0.1018043825523128,0.5793631237533814,0.982097356472185
51,-126.77975651041284,2.643562082600912,-0.021148746263083648,0.9641107005775794,0.9364866197818055
30,-53.46848873867812,0.42698480618749457,0.30886831083374955,0.2385970092568876,0.5706505463547252
30,-26.578526746347926,0.41004854111753586,0.509297924652941,0.0823355056099947,0.4980877820146293
31,105.0500492814077,1.071240976871902,0.4531503886639684,0.29280906109910815,0.4454038072885072
30,-149.8354040738791,0.9877876746086189,0.4241234742064625,0.022951886222392193,0.3650350329779859
46,48.43223984765838,1.1656340700344403,0.6350852330699006,0.14218865412843568,0.6420184938781949
51,-71.39888442255089,2.39594157136373,0.03448461473075482,0.6817443981260589,0.9319138081953307
30,-54.9463709652433,0.5886873466241285,0.419362307088195,0.13637762873480702,0.42933308959268596
30,17.481949216660382,0.045007235173762705,0.5075694940005093,0.14349395264488077,0.5719599497624892
31,-162.27220215622987,0.9430803278354822,0.5685589746298416,0.38710744823081145,0.49297763794253746
31,-11.759025381594938,0.14966613461961953,0.4858351413989873,0.11491159109611014,0.4712890495137657
46,-33.354779178694386,0.5650326691287887,0.6166370545669252,0.4441221722471914,0.5435211528289603
51,-0.754873599185089,1.9861624295370208,0.09141148450923114,0.6909627510547356,1.023260525174069
31,-21.08313560921819,0.32333995197839116,0.282178868026857,0.20920551373119922,0.465624348048989
30,195.53001399108942,0.2488212706850899,0.4470533036492992,0.2476240353387666,0.5121461064199546
51,-113.7739984251316,2.9847286002633684,0.042502964046044533,0.6157097953142158,0.9174671689331902
51,-103.09969550018177,2.7135971809358423,-0.021657590726235604,0.6869214059429197,0.9336676218405694
30,-112.31405264247644,0.33551936152247686,0.2375182943625888,0.08795820810636108,0.686906650367826
31,-105.54771191602546,0.7500001735340922,0.7549009708717722,0.1245133803428079,0.4245701867392857
30,-113.73871273065177,0.16854116208124398,0.553102609489421,0.2032143146964561,0.3334874703695956
51,68.90165311075518,2.959577086805001,-0.005357840840122585,0.6042823220022692,0.9770660647004139
52,92.05042479898549,3.000291159021489,0.03172470315073671,0.5236816563072838,0.8999685313758379
52,-107.07462937494762,2.1646898954616773,0.042435038988373884,0.44035705211817855,0.9072452262795397
46,-133.23555731042288,0.2846243327757194,0.5870746644588403,0.21514073906247777,0.5207860501067081
30,-2.858444361359588,0.43084261244592476,0.594881309647162,0.1707314541024723,0.5132597672026101
30,-105.22230442809712,0.853917562508213,0.5130690024464383,0.13818395513163728,0.3396783153385904
46,13.293181775551076,0.5582322892860073,0.48584742466330516,0.28985117045515646,0.3185116170518594
46,-29.707697914870028,0.34063571161772044,0.4524204555995099,0.11741672267619524,0.5295933240346096
46,-201.5744114997232,0.645162995356412,0.4173888008285458,0.3846395920599248,0.5135428834719957
51,104.75052013300618,2.8967443602761067,0.049647750725972266,0.7330394025110997,0.8791865570329696
30,129.58776730955216,0.7044078531328843,0.3649444035657017,0.22567507986617877,0.33428564148676954
51,-111.27886904843862,3.1521701214390765,0.031407105886066725,0.6866589783889895,0.9270561577487502
46,-88.77015599359842,0.4076574586583348,0.3315332422773613,0.303065980824156,0.6271899545423943
30,-21.413460927509504,0.24842426046583072,0.519091652414371,0.30947985022273256,0.5277982440218922
51,-16.554321001297502,3.0633525684137917,0.13268086342461427,0.660456219220351,0.9905130022187667
51,15.854427267283043,1.9545167848924008,0.05699436164195637,0.6693074208550386,0.892227410309117
46,151.02045387663497,0.8686941507467185,0.44778684299800076,0.06776525653167045,0.36338859190663153
30,-67.69472274940495,0.3088076758913616,0.8076860370180503,0.24090649383340573,0.6057960713838793
46,-129.82972445384536,0.6375160110654453,0.6360115900180313,0.2666627883456891,0.5081844334529538
30,-187.9319228014527,-0.12610810558062058,0.37554574999152773,0.0650074362138727,0.3231843088246768
52,-123.0930039941919,2.8898302661346698,-0.023846246376595076,0.617870982563502,0.9049003675278401
31,-53.312697287379706,0.4906823201387294,0.43919938570626765,0.0652746082418651,0.5463301510234231
31,129.45578635177876,0.22709497490544994,0.3985520273292586,0.11012001897561624,0.46669523790244777
31,-101.76112990361715,0.21904808756312122,0.3659927928876065,0.25510170602262994,0.47241042785598264
46,-27.62120483611015,0.29966613305933415,0.5432216690759254,0.12665179333217208,0.37755977929527285
52,-51.64228960727521,1.658280903889525,-0.026635027994496546,0.6365183731171321,0.9208969332953494
30,68.8393273448084,0.4438012944780876,0.5967826024025205,0.037268827205268446,0.4351530799980863
51,202.69324258736216,2.9824258165487287,0.06508500044508678,0.31926627977989397,0.8839961406131349
30,-103.08687729203206,-0.13621004579051987,0.637391438521145,0.19557266801553513,0.46287426293296063
51,-98.94394425182222,1.882825564060039,-0.04218967917403729,0.9344586816080804,1.0142791117180838
30,54.416087706907206,0.6373059758160656,0.547536561069201,0.1810985702317526,0.46130705534000527
52,18.189148962631137,2.4867971215205364,0.04679611179256417,0.504244575230743,0.9570797893369941
51,134.67073257360335,2.6400805794098035,0.0768145454758595,1.1344531808195055,0.9737629302358656
46,8.392818532596394,0.34212564304477366,0.4228228042607125,0.05237374559982208,0.5338758162280366
30,-85.92920907870595,0.9165013334625343,0.6609520665775973,0.38055744326868157,0.48716017340823914
30,9.065483069230929,0.3844934564861409,0.5227495875732053,0.13667272952897275,0.49317137922357096
51,60.870358058290776,2.4927738645608604,0.09248059942581066,0.7298443588796892,0.9365930430379118
46,32.048218119736404,0.542377142026239,0.41779239881720726,0.30108397350203137,0.46977306079174735
46,0.7274031107297745,-0.1391699439421602,0.37807155334778064,0.5529055187570484,0.5530867162067149
52,56.66746895891539,2.2818070547367157,0.01000297466490329,0.5201843143631049,0.8902906674294078
46,66.92955904456727,0.5646189516368864,0.4875978612610003,0.244982721372651,0.392410617127574
46,88.21589910375272,0.6524805919023768,0.3935779993182651,0.12924477147058938,0.38768049491246226
46,14.870988758964259,1.677871311930898,0.4990155191349617,0.14612096954232892,0.7045654547677154
31,-66.71180803168544,-0.1252338818495765,0.33114948119315,0.127978797899321,0.553034290167058
52,-35.328631356667714,3.2993235852523584,0.08552745511488927,1.0163028172599482,0.9439706405763265
30,70.65089665083568,0.4137657441798933,0.5670911248276875,0.19587086382153387,0.3942485329706569
51,-131.6935670987236,2.3522598409854196,0.06898198241929827,1.0183610678149293,0.9257160627712476
30,-13.132669112709884,0.4863463264096273,0.46081232346131334,0.2946807566511871,0.48834286535466714
52,-89.33388123273608,2.333090255121995,0.043496985322319,0.2955444165024099,0.8937406949134419
51,-47.12551770651825,3.0865623187933204,0.13345347629131654,0.7696065235367923,0.9694409455131856
52,77.84518626072988,2.684821096099047,0.0028720997104061813,1.012028763734254,0.8913063336846985
46,-30.890093198009666,0.04484789099849629,0.5644518491645292,0.16327960657882518,0.45761664617935166
51,-45.35634518438512,2.723858462905139,0.033898592275397085,0.7224070062185096,0.9464439854584832
46,-185.9856140979919,0.3751416785344238,0.4503468264518031,0.08359493675941745,0.5734106335807249
30,24.625356602722064,0.1609791982878927,0.3846507574015216,0.16420095655866643,0.3462292191469998
30,14.548418114107548,0.3649961426012559,0.5267843637866333,0.1140386486121546,0.5564776264314151
51,166.325472330546,2.5714715473818535,0.013161493202618904,0.6197248640205651,0.9891579943888504
51,-80.77782349530008,3.366257499742546,-0.02076335959620937,0.9011470864945599,0.9667527175956085
52,-28.084967233606104,3.615650073096316,0.06092670212054729,0.7826597727703583,0.9782394552953824
52,-25.061631628924474,2.8190255507203785,0.10047358942979845,1.051523811271872,0.9393955165039787
46,107.74532797634743,0.7273765549770859,0.5157974312251452,0.31633760551635504,0.5282036210462221
51,-59.52955323869521,1.5994711329236306,-0.024950798022920065,0.7530151456958051,0.9331061112263096
30,-22.097847422966076,1.0545826499889235,0.5211396567470659,0.07140002934835063,0.543356246019188
52,10.78965097165392,2.1061081240458805,0.04562823356114095,0.9595701402764278,0.9362678125316851
52,-31.339087684364188,2.189576200874442,0.07741598137772494,0.42531173920907667,0.9271390730340402
30,-94.64336145505283,0.5294202618616833,0.6351114089986716,0.37509259419271435,0.3284820029296579
52,-30.59100071016924,2.2639547111514364,0.0470292409363753,0.5801910496890255,0.9733845051929443
46,57.36317498597721,0.2843502837173809,0.6663732832143474,0.22573731064173497,0.668331457592753
51,-152.65152994110602,2.8739551280587667,0.061211737226764595,0.8322599085325391,1.008555098583478
30,-36.7030325853124,0.4415908111649955,0.5587391699806012,0.243235271420034,0.3912251324646332
51,-120.01208149391732,2.6196234320555747,-0.03057836795514139,0.8163977627649439,1.0144601525703436
52,69.50466289248425,3.5370413348749867,0.036867023984191616,0.4495245809718007,0.9340920749191035
52,-202.31869047837748,2.0403077042067883,0.03318065272944319,0.6278541673209324,0.9800366507572795
30,-105.89218472715883,0.46513128706341256,0.45514571634721385,0.20210927478505875,0.36487095973015654
46,-12.27881249354791,0.5644139549511579,0.523855495377374,0.08689327644974124,0.46998712131718
31,106.55240292343404,0.9734354172686553,0.3709438578053781,0.19327225350864655,0.3995662173706094
30,-56.57502610729878,0.7956349056845655,0.4856741084635807,0.0925338960567137,0.5126824685134962
31,-105.51995266931984,0.760746377749069,0.6096547118230253,0.12176460774980065,0.46336583228622424
31,138.115706944059,0.3633381421928388,0.2808746148834719,0.2853165306413192,0.5176762103250264
46,-194.8013900416244,0.2332277515315027,0.6534482101794515,0.22474805476401047,0.5022350554966366
31,-269.8805956620082,0.7865901674713258,0.6122374218703159,0.19903355786866528,0.40133409722758895
31,-5.998554994666762,0.7628140377589383,0.45402353841695237,0.2878963973070651,0.5626877063529022
46,-100.20542243526111,0.9418012027252947,0.5543390827871809,0.24806085933473476,0.4951234348156885
31,-152.12328171307132,0.31880581220923115,0.5003147726906326,0.3446563291251368,0.40114709921340996
31,20.835644729935325,0.4311354033918959,0.6229990368438683,0.154014073768486,0.7240926556205792
31,-25.619928622880117,0.008154751242369751,0.5982683142769941,0.15703650214724912,0.5476430166717124
30,-106.40786307367284,0.38225866818173815,0.3599929276816991,0.06988907336086547,0.48467394466006947
30,-178.03043986708943,0.7989711531738342,0.5587262413464177,0.15710192826275804,0.6415204526701823
30,37.24573282801447,0.36005138623154065,0.47943721463567524,0.2964769894302446,0.6841815609386608
46,15.0201177958661,0.6921439385602471,0.50828325705181,0.3299987372262134,0.4854650577686115
52,-59.91758637793829,2.3284038622512946,-0.0695152183734719,0.49111323035035115,0.9722426768778744
31,134.66369960476658,0.5972171084664681,0.6748137069120835,0.020580813345056376,0.4011997181997059
31,-157.00847663261527,0.15569258305529982,0.6040061819902576,0.30831452126607345,0.48528072492319885
46,-202.5525170924739,0.5255628348901703,0.42602288360270324,0.01614813767279294,0.480093744624013
31,-119.19080698812444,-0.39734079127021693,0.36653893930897674,0.2898117324122348,0.5184827033621654
30,-54.55860163554978,0.44393115255140453,0.4614327369022152,0.16322154734289449,0.5332760478637011
52,-25.666055067730817,2.474303138205757,-0.013951536810989318,0.5010487707100713,0.9504428851834448
51,-74.12360578563299,1.6134837658965593,0.07576471608122337,0.8273194791177505,0.8792237966543146
31,-14.794460348570318,0.7332222058293534,0.6253132824768244,0.31711676327061467,0.37892573733708357
30,-175.15394241904443,0.6400012945898244,0.5789919722180852,0.05350252538951111,0.4061532894258915
51,94.37646040732594,2.17311683067559,0.0785253604177258,0.9619188871943772,0.8805109928403665
52,-58.21511783925688,2.202169352978254,0.02096758487230245,0.9061788628431899,1.0176019682987163
51,61.72958315881276,3.1872190465854087,0.01943073763056859,0.9716278141868032,1.0549703760251254
30,-15.727465362229587,0.7796574692781154,0.48043014688530983,0.20945275675884684,0.3837061013147087
51,-4.32467808462161,4.068874266829997,0.03802490389891251,0.9205160535956682,1.0579560577301645
46,6.976728023220389,0.8406860441548832,0.4948477071475354,0.4666905222320009,0.595300949821405
51,-5.229143998268505,2.6116194570645797,0.05932080848720232,1.2107637380173193,0.9309772047916824
31,14.272275986754394,0.25264575154169794,0.4681251684753867,0.31166812750675227,0.5460415649842825
31,82.91525301324313,0.31742308302808986,0.3970188151458155,0.22320946379285372,0.4860457957072096
46,-30.347883029852987,0.3413066875807954,0.48766559359538897,0.24988831947682127,0.5256783257324723
30,20.900375758851226,0.18303270717192416,0.5309047443032654,0.16578513488727611,0.47715274561904597
31,-58.97356942872267,0.8669249201285976,0.43443122805385564,0.2195076925422602,0.5667065472728354
52,94.01172154494728,2.544790340627624,0.06815578138722617,0.8251802776789918,0.9269846618712818
31,-117.63923020592696,0.6057514905070639,0.4060536758014017,0.14215402711236688,0.4636687991611455
31,130.09404329108156,0.32889459007589583,0.6119244917564096,0.19225057001070123,0.5296572676694308
30,-54.01579506443434,-0.046180990164555125,0.4705544242411966,0.1941569881002512,0.5533695248006193
51,-193.07751021180482,3.0668850484335324,0.11453222304612737,0.6815518310374371,1.0066402348587402
31,-37.189558508921074,-0.07367649262593301,0.6528747850540908,0.09339678283723195,0.46089753331344235
46,-118.10516574748809,0.4794097861743594,0.4918954035278256,0.19484577913923484,0.6479481761860872
51,34.06435489887241,2.8279503882648807,0.0673780806901776,0.9371715637216839,0.9172615112188025
52,-115.26239793023909,2.5973680973593876,0.05433488497071983,0.36925388524170777,0.924469575035121
30,-94.61834332147797,0.7734088166524165,0.3527962926973208,0.3349179048888705,0.5817467126698372
52,-238.9540730945531,2.305740773455557,0.059578869809704484,0.672282834970994,0.9660465030962828
51,-95.23063192490767,3.0620563599930066,0.07531204946529631,1.1306619274357061,0.9006067044930114
51,-292.38793266289565,2.973763231061429,0.12236528496959033,0.9246174695778191,0.9861518969789932
51,-208.39028234857233,2.1135611660881954,0.07840516025643231,0.8479715491698594,0.9542756664819799
52,26.04146561442974,2.7035261435622675,-0.0024827749454970557,0.8972619986700443,0.8642145840680935
51,28.580015865083226,2.014171632729357,0.1181281426356226,0.6003118294246563,0.9035536758769634
52,-7.454243821503525,1.8101909176055346,0.13203072817441436,1.124651338105611,0.9247935663174167
51,-146.6976143129213,2.1866413877050173,0.20760283672560426,1.198274083683381,0.9463571155579472
46,-54.77113561419799,0.586617098847507,0.4852794721314403,0.13282792107419228,0.5826422324191767
51,-50.36025390905684,2.9765625226880434,0.06214410065751375,1.1180807137147277,0.9619085653069813
52,-165.8364689192543,2.7565427100486466,-0.05410493515944936,0.6861703602654933,0.9079614055050687
31,100.33983017671505,0.46318731992128276,0.47789575364629494,0.05976307165761752,0.43216653706645064
51,37.736229057567144,2.7580891435574793,0.02258998509166137,0.8081849497457846,0.9323956126273059
31,-72.0964173829664,0.16093888259782285,0.5192596918731305,0.19775639480194265,0.6524517181115903
46,-47.31141610054692,1.2235030026735263,0.7392109635273992,0.19420494582372824,0.4555053609104747
30,-29.16171920524475,0.9549182165760719,0.29006437355809744,0.2588076675167832,0.6601074306164393
46,-254.17348684242907,0.680635496117745,0.5683223014788807,0.296234516926657,0.5891840579594813
51,-74.71773825205969,3.0944566857373212,-0.04877438856085688,0.600338644941789,1.0319480263799916
31,-118.19842479977986,0.4363373090296545,0.556677172618418,0.3073621943907572,0.3186706527982841
31,-150.16200098949156,0.21442446199332932,0.43426274460052755,0.13691544492091437,0.4980681695728164
52,-78.11002928859548,3.035075119158214,0.05142287905915795,0.8342938635180782,1.0604927832874231
31,129.76865268495226,0.5773257620428252,0.5711410579465495,0.27690316554422756,0.6167217733304373
52,14.084286126700988,2.059062674386141,0.033985109773167904,0.5565192413006097,0.9082437748013882
30,-107.11789897827968,0.6002529251734692,0.5808036189402072,0.1994893367972775,0.4315012820856252
51,7.2582781356158605,2.1275486775967756,0.06803239457178975,0.5659438587206451,1.0538888792599221
52,89.93554365860021,2.162410862512809,0.006825319751753302,0.5771837283533825,0.9483487368140219
30,42.46336829127688,0.24188449676614943,0.4546585891616146,0.02223190376297987,0.6073412702410446
31,-44.036963007982585,0.37591833997350677,0.3204356827369985,0.27147456498889455,0.5498689912135545
31,-114.69367777055739,1.0663062972020572,0.4669909808298563,0.17662759421482746,0.30575023090382303
30,19.82233136135899,0.6669659373601274,0.5732829081821745,0.2707457710864381,0.484457756747224
31,-10.651461457825043,0.0993555292700326,0.3725767880923205,0.2776931692354829,0.38442924250830846
30,39.51932200277322,0.6458108868252911,0.6048482651050593,0.3607915061119158,0.4797394227081926
52,13.517180168196951,2.0914556844659047,0.018505772381809484,0.4828748586460815,1.0249005885152214
52,54.95527153193352,2.8296228342162024,0.02558630787742277,1.0280135692990322,0.9343581763474238
30,-103.5235211560568,0.35866260445463644,0.4858470362662153,0.3443670319166239,0.6148090866397433
52,81.73940656343257,1.696220067815513,0.05113154263384346,0.7882559145790743,0.935596860082436
52,-30.240039530760036,2.1186376107168927,-0.020278152692814327,0.8893073013881423,0.9715511479005446
52,157.52608726252654,2.115428825106351,0.0007503437091492399,0.8399220836805567,0.9443218717604773
46,-118.91878180895678,0.08086454446610264,0.47623166830390157,0.27320809514330224,0.5148808761679591
51,123.59638031652494,2.9147374209658743,0.04604663290677219,0.8958006286785518,0.9311306741268894
31,-30.20892165373522,0.8115136553057949,0.44882364420576965,0.24048234088082682,0.4023054260618118
46,-115.14180036144484,0.04419617735694731,0.28952504942809854,0.19649035332154058,0.3299372750348622
52,-98.38858340543216,1.4980688177966233,0.08480839985796446,0.8388666926676467,0.9129883873725645
30,-82.03473081943201,0.3646523424773004,0.5155324999199401,0.329046074137635,0.4805508515135224
52,-7.58340535980836,1.8803708025732637,0.045595437798546336,0.9927850846111143,0.9988923782327165
51,2.2835488035499623,2.529966315133164,0.15849682940402715,0.8498901891860144,0.8307443150653482
52,-107.37000039385791,2.6386884689790957,-0.021184131844196152,0.8798456385878655,0.9217370630394798
30,-52.43545922609828,0.3765720178651993,0.4814075519051229,0.1443221227156634,0.39643959439546056
51,164.22703586118638,1.845589800440444,0.08917948323993034,0.7449757143489907,0.9024654653292372
52,122.75431701007113,0.9902439220895873,0.01606784693529484,0.7364478211965209,0.793074266688298
51,-6.3676330325967925,2.5919247723768475,0.03408812361286899,0.8233157024024929,0.9431505211153028
31,-46.19965218317997,0.5571271669775173,0.39680337161528206,0.23104727541807515,0.45634851367344564
31,-37.99686732817387,0.6347656163855102,0.45597407956135994,0.08727362074458529,0.607168037389059
52,11.351797273041662,2.604829707637313,0.12992690560481707,0.406888821704699,0.8687439370558737
51,-152.27925651984054,2.2541819071839764,0.09010642293090597,0.6825769458759705,0.954145592658602
30,-75.73765374233452,-0.24649820602389683,0.37638642039695375,0.06358940061816418,0.4987975971086812
52,-216.85840738775894,2.0132269001477656,-0.02081135278963228,0.7150337304948724,1.0250976482594298
31,-10.077687739472076,0.6360526137663403,0.5731000626785482,0.2500917329085858,0.5489178350637793
31,14.719593970274104,0.20531178972359615,0.5538434957216453,0.10176757277232241,0.38202232506254913
52,-98.3186462299374,3.03010495374944,0.009530958945862297,0.5146346846437315,0.9336693109669393
51,107.39867632900328,3.8798300194555386,0.09783515931928292,0.8138674323430697,1.0492690197630146
31,-172.5765663002341,0.3972352397426705,0.7185094895036113,0.042858000166169974,0.5033023307193033
51,-196.43748802098202,2.2455181871462506,0.038924336852393805,0.4610053122966775,0.8798220685218168
31,-27.554818144002795,0.2111802304146163,0.6623884992811152,-0.028577724449494996,0.5774022774071053
31,54.70983026121546,0.43801661609118603,0.53831681897589,0.12174086374518668,0.49925192032592536
46,118.39276914578687,0.6830648508767667,0.5499095816137749,0.27663884765723995,0.5216689097497673
31,-95.888426286894,0.5470918882905302,0.3307729168356671,0.15861050577251432,0.5295665551482
30,57.868083343129555,0.3240406191308194,0.48296142346118043,0.24607972436159675,0.5403299604166825
52,-53.85084695007072,2.576177436016861,0.0649823843918674,0.728781590276189,0.9972964792635188
52,-67.26272999408197,2.0887900338088996,0.09662174354773337,0.8219143160155716,0.9976588127164676
51,38.365993748667236,3.0605153336622357,0.029244985551831523,0.716712313350395,0.9894537600699954
31,15.232287841341957,0.8477222194867693,0.29255136489836886,0.20121696822829052,0.6278280947459487
30,-207.63921569842495,0.3991235783956784,0.49779651359957294,0.19071254986069475,0.4939150479997072
51,97.65403497258959,2.336052641743541,0.04478286035065541,0.5309971032138663,0.8853438874797515
46,88.00913541474515,0.8591740770935683,0.4813321037686555,0.08469156682602177,0.5896797332033236
51,-112.55627015095294,2.9125491323338175,0.013097145816930424,1.0754361873009124,0.8959796335360749
51,-10.419646656259097,2.06643489214455,0.05906255813010253,1.004007301380418,0.8911291747375355
31,-0.5969813717261161,0.41343539123728856,0.5341660231952626,0.3050049041553427,0.49290946374726313
46,-23.93262341760929,0.26487394366267153,0.4728685021931702,0.23246582355025186,0.4664833026773615
51,-105.03051538454201,1.8270645382633925,-0.000984765985442837,0.8682431684984067,0.9231010735589023
30,-117.16233679380515,0.24296837185196218,0.3878469852574973,0.027398938133323336,0.4309723766762795
30,-52.55540709914453,0.33333596615394,0.5709352514455317,0.17296333032388303,0.48164596779835345
52,67.27290192593647,2.9371945903563637,0.07243178822572637,1.0051264227745165,0.9355921984744441
46,4.3600154594432325,0.13935514217717337,0.48614877553927754,0.3953107198272574,0.3517768576322691
46,-87.0614332086106,0.38129578647312085,0.45761099576776476,0.26869566320986776,0.6151665583047475
52,27.169871064834467,2.925448981083986,0.08749501197118553,0.8098656331589688,0.9552639311954838
51,-334.8542620630075,2.431314105800302,0.0639633919108263,0.9444893970441959,0.9575301246422316
46,64.87657003721034,0.4719839423300155,0.4664755918131973,0.12886967730505205,0.5400641638339837
30,-223.97137787780997,0.3412003662654888,0.36589352866984315,0.21171242161498516,0.4211923746096329
30,-86.24409414031322,0.04565890724576993,0.5743651775540173,0.22362236462642332,0.5456355973132696
31,-161.96698946261438,0.5964779634017716,0.4795123336135283,0.10608444302293184,0.4632925353981817
46,-179.46814757209057,1.0264799214941724,0.5031395865532776,0.1615612623407079,0.4103414459352808
51,66.08267873785194,2.432860418906848,0.06486221366900621,1.0194440383212877,0.9962838378856934
52,-96.77012013118915,3.2113740680499703,-0.009461623253856452,0.9734374825655479,0.9517166694284417
52,-15.349611826928424,2.963107701120796,0.10269928855914381,0.7005291257171814,0.9318750498558965
51,-54.69205788791841,2.9826987422955855,0.07860031391502365,0.9152902690244846,0.9973755954287783
31,-2.295917277687856,1.0107543974388817,0.478033054764904,0.10632047650406173,0.4479369393437701
52,-42.31781089397447,2.5443287954807188,-0.026879239822458767,0.8369941150146313,0.9190817489977935
46,-178.29922241885697,0.9895570697267326,0.3444626266158758,0.31799421300384645,0.6490137522099841
31,49.62668194471401,0.2800901013428032,0.5200845093115709,0.27318980692343814,0.7054514889404759
46,-99.37565831613125,1.0454185767673474,0.5100791072644806,0.325451870238119,0.6542806773769683
30,-205.65818986597512,0.7325466482104349,0.504128745558744,0.2800701947545577,0.46642140610202504
31,-92.81151609659125,0.6659120257557075,0.6037158898658244,0.4059845001737402,0.38453656612711556
52,100.07597906343108,2.4302768621595003,0.030582653084942082,0.5326862999370161,0.9679527546740183
31,35.022174211349295,0.4254414145776652,0.6478071898356444,0.18435226238768415,0.3316267432385951
31,-84.86521344078592,0.8601594975421618,0.4006410484405964,0.23429263773213427,0.48926213815899544
31,-84.92577043184288,0.542107960954414,0.5135924567218348,0.3243469128345964,0.6605677958082454
31,-82.16350512173827,-0.09012091107614562,0.5084466786389947,0.1220624674739883,0.4858337368127757
46,157.6747983560841,0.16484406148789926,0.393074550624492,0.13481114174686193,0.5302322900348275
30,-11.806454776844667,0.4442462743421758,0.5956295002091346,0.16910399854020927,0.6375596964304209
51,-6.99583528089304,1.8896437870429206,0.03878405145609476,0.7333924761892477,0.9617567649683094
31,53.02834540318422,0.48302345333003127,0.4982993925516169,0.2138078408417547,0.7035531456719595
52,-26.12108409734865,2.4261098405912644,0.05399007420293666,0.49043968873819377,0.9366431257029122
31,-75.90421458207031,-0.08533055921158739,0.5084518475815327,0.2053059312932619,0.48688886613195176
52,-69.63498490849783,3.2262337672353727,0.03063190177235944,0.7919332179571913,0.9239515724384452
46,-57.16012594140639,-0.04539376761614644,0.3179239722197984,0.15231235393561643,0.5697238046390313
52,-53.72222365098416,2.6502371798054143,0.12102521436355317,0.8187046992877219,0.9923059234647966
51,22.762954363697986,2.811103572021701,0.04432596770589294,0.7674592596861817,0.9448268605076537
30,-44.80541141927006,0.6258829916072355,0.6704102078059118,0.3191260681631833,0.628123865352298
52,23.264007721557917,3.0195558937101343,0.11173759570223976,0.8144306473643523,0.9520947960577137
52,-58.07165801085823,2.46211785673227,-0.0015977621047217477,0.9476474461632325,1.0818334570972794
30,-42.13648096839094,0.8125173992176553,0.5889153824787806,0.47107942990405327,0.3737135246271822
51,-249.82006845321075,1.9640713834799222,0.020505262176855457,0.8174947507361479,1.0081286834093919
31,41.63276747024814,0.4611448259409678,0.4233135961995448,0.11225159778443683,0.5107229288419153
52,-15.351152410200733,2.908944829012514,0.05361394826921445,0.6563870432763472,0.9583242636288574
30,49.80101098596522,0.28793222960379533,0.6028768991423481,0.1779981972340326,0.46589070678583916
46,-339.6255378193689,0.7566666977062135,0.5501685045168788,0.18725931276100405,0.6021963155060004
30,158.83747047807276,0.9948442682971763,0.5248325142515882,0.21026455285396645,0.5733179317422558
46,-63.958962815517374,0.8211831679937558,0.5078117735236016,0.170220384377604,0.6378142680497613
51,60.818281673751656,1.905294053566336,0.04686802113363826,0.62092912526816,0.8921292104892282
31,-153.99059271255308,0.6084251951819308,0.5201652905129255,0.16123701673367538,0.4656808431313288
30,11.277390506256971,0.11205753687240566,0.3970027725223064,0.006503588275952904,0.5758981695460113
52,-155.34155631736562,2.8191959628041916,0.11782916929139911,0.6278486396596361,0.9909382985424408
51,-112.37689606958051,2.3356907621255076,0.039982371110291806,0.906841572474935,1.0053387259312163
30,141.40313538667863,-0.06094490185964918,0.5081082542900823,0.23537706308913897,0.5420536705904069
52,-69.06824007633466,2.2279429989429036,0.10730150720710326,1.0081908347595578,0.9018301829400714
30,-28.25671268202771,0.41505833097686984,0.7539381622782861,0.21633603549158006,0.554001780172314
46,37.00677306887542,0.40974207585775213,0.4960105616248288,0.3314074981524604,0.606216744758866
30,-0.43181120273953155,0.13715691937435842,0.3595760433738411,0.10512513047319999,0.4676485053215543
30,-34.95810948564236,0.6166936188056551,0.48658197893230754,0.30612562585121184,0.5014287211883989
30,-13.50389975337746,0.5754420826821536,0.5519358745637888,0.1566610433313847,0.5910944403839475
51,190.3415585238275,2.3857000423299906,0.037865062608735914,0.9644700941791507,0.8992917890936516
30,-55.76187970335854,0.2732625499524911,0.44105476000612814,0.16348473868017868,0.5729236949310753
52,-29.89009532850325,1.2188331706023448,0.027260264131115357,0.9103928518663655,0.9383863248600263
46,55.065439600761195,0.9966221339264886,0.5816837011430981,0.26872384503952884,0.6377335029528342
46,60.55259329579839,0.3549315548460389,0.36194012941003484,0.1564210270376364,0.2808021343720119
30,68.70303055603802,0.3163499248535538,0.45638445584925147,0.11585504858709916,0.3577765498493126
51,13.873022202918463,2.490369810132803,0.09788958072364529,0.6476350656682303,0.9709352289146184
51,-164.30049127304835,2.368554585395866,0.06038016757003129,0.8420734227081774,0.9493013385761963
52,113.3431532301096,2.511232946406023,0.0653838326700557,1.1060669128708822,0.9333256859515152
30,-164.6345393018688,0.7218959455174014,0.4316365717713612,0.006591225454042282,0.5064407522431942
46,-19.736453476096678,-0.07280682625218782,0.47262707478332394,0.20230806589504208,0.5570945694603873
51,-125.4275850019358,3.057160847334436,0.13993625091756562,1.0996195266975568,0.9026754602005785
30,-56.413834659299255,0.5218041572988024,0.5149597957518788,0.21934485749917962,0.5570486086079691
51,-17.12375896965196,2.8590928628539674,0.1328104126028648,0.5089890789818896,0.9640605841292033
51,-17.86427845497269,2.719237869404864,0.03784694005595668,0.860392180034353,0.9363496625988708
46,-7.807924576471528,0.48872880650615563,0.5843839509641737,0.1815448557814055,0.70135542946487
31,111.37112690586471,-0.019360391033477642,0.5392634115650968,0.25923295470133434,0.5244098443502386
52,-4.64656984860202,2.795907066870689,0.11359462109693283,0.8069615080999665,1.0416280620178007
52,-74.41566352906487,2.322979644529488,0.04445937198604563,0.6395601183929642,0.8734860432035105
46,46.40871682883572,0.6329006391342126,0.505022769916568,0.251614403958638,0.4468588598861575
51,68.94704889246405,2.5509281476309935,0.04720397757388935,1.0179809918181661,0.9045748744243904
30,-172.76078151369924,0.19365126273190997,0.572894119457045,0.1388822847980673,0.6050319552276355
51,9.740006984985804,1.8804464621730497,0.09456518434348778,0.8087657598920857,0.8691414054977227
46,20.117274231089837,0.4197076727303619,0.43409607251113547,0.33530691601664075,0.5796340019748832
52,-79.7563503359992,2.5823804206182586,0.0809443149011577,0.703148329613834,0.918497578432583
51,87.57068133116195,2.525443850928009,0.13191798661354703,0.790814234251968,0.9132919066939492
52,-65.00555870325267,2.586670832185204,0.06906548061323924,0.796686318035496,0.8776750898229656
30,-37.44235465284577,0.3191538032648115,0.4592539892708398,0.031912954076187966,0.46088436277471573
52,-67.30718242838697,2.3883988726825973,-0.025945541254503393,0.9181488671020652,1.0042250265145463
52,-48.442095241853245,3.244931719301041,-0.08153650684145318,0.7559772537490344,0.948740565823526
31,-159.6275086895202,0.2877122315533922,0.4875714222837564,0.25896392313574,0.47520457926721105
31,-194.00508825942944,0.28634784074718694,0.4788615770182031,-0.06518280630449491,0.45200318538512735
31,109.45050632249723,0.46680038943280117,0.5746611364602157,0.33663894118544385,0.44840190106509203
52,-134.69613483183278,1.6784055944229164,0.062176510209317234,0.8515201714796259,0.9220600213968829
46,-149.13923494563073,0.752595108635638,0.7275825427647638,0.2686567746753176,0.5658631952790509
52,-265.3390113603715,3.330735082864009,0.10638901253169493,0.6232561718617875,0.9227851926842854
46,-113.89617476895022,-0.37209646579649236,0.5518101702029976,0.11233029143807072,0.5995415190449475
46,-182.30897934074983,0.38755338301345815,0.4470798990188487,0.26604599523515504,0.5575561925830366
31,114.2015160136369,0.1884368537468083,0.4130713013011356,0.1614506759087642,0.4704943810194358
51,50.98170893426341,2.1918192959802614,0.03914344625268988,0.889697090839288,0.930699871217528
30,-118.81503451777238,0.1287720085332283,0.5137352479407036,0.31677419255277794,0.5312822236766847
31,175.24358053443086,0.5328225415498911,0.7918173555060093,0.12249550369837603,0.55737671099019
31,48.176548699159426,0.8985922484744693,0.4815854184316798,0.11455065372619458,0.6397844307031498
51,-82.48313835086225,2.7788455303625623,0.05420841150928481,0.4870755745328392,0.9119029380932457
30,-299.9405714873573,0.3180489835352781,0.5273010717494385,0.2272236725327388,0.44585269934928307
52,179.09425725907417,2.6232523892160025,0.07399135176834165,0.9743048772175869,0.9938913015619563
52,-188.9572466763596,2.7491108742483927,0.03656771233451288,0.5497601726732644,0.9895379656116264
31,-214.53987469568918,0.29161988925105664,0.501602528229516,0.06605106334713412,0.6067997778058972
30,52.25704320096402,0.15369119953010468,0.5794600382945212,0.12576136295692653,0.5938969468704792
31,193.97524063392729,-0.025548642025515766,0.5973622249427847,0.18840029276784664,0.49361221671686534
46,88.42728185105182,0.38302288803216644,0.44964303810922823,0.3897887292658706,0.3745977347571483
31,6.390912005235961,0.5474160469760395,0.4849385985370067,0.1886187461586242,0.40010636237544084
31,9.475434166528593,0.4710128989955331,0.4233879169389329,0.30852222636616317,0.5272633514319415
52,35.341555878030775,2.7331791872231674,0.01440133863705386,0.8876825398993291,0.9443203919149017
52,25.892858978676514,2.993667258294551,-0.02714016091214498,0.6232002286507119,0.9228289785111741
52,-21.88085760306242,2.4620244881787388,0.041968444023725286,0.8264994286991292,1.0131927969548193
46,-39.579889604812394,0.10486042401602452,0.45853730994281366,0.1831580287971119,0.5631224356971783
52,-56.25931278995224,2.57587899612437,0.0016876840123372996,0.5359013113189937,0.9107918070820084
30,-125.39645888666763,0.1993348943219826,0.554968318629026,0.3374611267576555,0.6104997201804414
51,-78.0675076866774,3.5447693608473867,0.07457528236233918,0.7473384386244168,1.0060594071284952
30,-219.29568141953854,0.05996444281529689,0.36984120171966683,0.31870776787417554,0.6257613112576651
30,-59.83396267947499,0.349579355934309,0.31469815171024307,0.10352102623703145,0.44665475542240995
52,-148.85911071509173,3.51180310961482,0.14067038492577116,1.1182800735525609,0.9878516032526988
51,-160.3589317215771,2.503399922279999,0.0328560569221218,0.9753428372772233,0.9373687565598681
51,-32.010584884652154,2.4049804824992527,0.06391743173223348,0.9928311768343958,0.7879243087335439
51,89.20022863445993,2.3212772885947865,0.024539331870043275,0.7389110595116637,0.964858001190411
46,41.8316606002313,0.16889905144088924,0.4799360701174568,0.27297729370341955,0.4783998578426887
52,-207.0500603623177,3.186424237338265,0.02075461732911151,1.1905834764979022,0.9569991048160676
51,-148.96281365703373,1.3940690443352466,0.026062071423915575,0.7877804983988265,0.9526948673516603
46,44.07711879882159,0.8991724712117121,0.3044951229681717,0.26868579110122565,0.4933887606047993
31,-148.24873935383096,0.14096340607210656,0.4631060560968538,-0.006530277504061044,0.3290773600797404
31,-72.46331499970246,0.7681093068167333,0.5213808793941064,0.41216313073302036,0.5391698016010473
46,5.005209902455185,0.7678861610326307,0.4082023895389264,0.17168481151201243,0.4910796702308332
46,-146.83444548636353,1.048886060514826,0.67311696317673,-0.0025039913676173087,0.6610292980482871
52,-39.462449385404014,1.7009378240581263,0.06978994243548736,1.0165999877033738,0.9802025822460811
52,-183.40254949182045,2.7310863330409716,0.06317754059773925,0.5847237625195884,0.9294985294230544
31,-110.13676439512136,1.1844955509616528,0.555602209684229,0.1918105620427507,0.5618068493930042
51,-18.021806585746305,1.8184129977035948,-0.07131960352676041,0.9915074326559535,0.9545562433626688
31,-209.29937335316694,0.03948792574029214,0.31534269521955827,0.2747444971427056,0.3991566979468854
51,-5.952526203960105,2.1690089111016952,0.025206091399492536,0.7701088613670023,0.9999108827985864
51,-51.96377989266812,2.7129436030965177,0.10486500937718544,0.5138337596750657,0.9821834376511245
52,5.248995441714776,2.5095738887078762,-0.028282401580279823,0.7046892397132951,1.0538671719784976
30,-27.608586593533857,0.38830428411862317,0.41535656985410213,0.37754908492400485,0.2512543241293871
30,86.41404299738443,0.6311939561116882,0.5925672209502721,0.05208039816422336,0.4541776970743499
46,-37.47754973520927,0.5555526610489743,0.4669225103976947,0.21396516742158966,0.66641920547839
52,-92.94055411252529,2.404548104136351,-0.0045104203399714896,0.5805712700742373,1.0118416233063632
51,-37.77024969677162,2.859878971074091,0.0007230199639535057,1.2583822533637372,0.9229811830506472
30,4.329802903638793,0.8836597439940179,0.5770750209618787,0.11561461225751007,0.47172406723706317
51,-45.11399296742957,2.0217818115909956,0.05552676587369701,0.5675868359487435,0.9300777362505316
30,-45.94083087961176,0.29690145846244065,0.5827236107657423,0.21568230160981933,0.3295224255771956
30,-120.19916878067554,0.26820216641875283,0.6159839966388344,0.22812304922186044,0.6052547310734748
30,-116.29009175509482,0.7490575435587831,0.44940338010121444,0.3489599409447649,0.3157063093752324
52,-190.26052717996936,2.3434709847384227,0.007157406743610033,0.7873452080206169,0.8961139627104199
31,124.95767431869393,0.6353675957955525,0.5062331349619122,0.315469376671672,0.588657949275765
51,-174.3863235391285,1.8747961330151413,0.03718296608137539,0.9967704687212294,0.9811472015206654
52,-119.29051977959074,2.8022576631776834,0.023097612075493074,0.8251773061153316,0.9820770822468006
52,-121.84072655691975,2.941166531161705,0.08989218899478833,0.7046897153561518,0.910648186053335
52,39.49243769444412,2.27395483358346,-0.042966838583002875,0.5390821112399056,0.9010867175366879
52,-79.49496782920278,2.264978926120249,0.052274573816537606,0.6212809972561759,0.924668258310604
52,74.77420726737338,2.632939114826024,0.07791682116058528,0.4717239768795807,0.9619936376142362
46,-117.34906242438686,0.0030130376966678862,0.5290964730137443,0.14086052701619528,0.6206535723454303
51,-22.100583777619804,2.4669336926870886,0.025911701445326243,0.5606668815431208,0.8476281407114624
52,-133.53470532597572,3.549860894583258,0.06622293021762586,0.7468878974962918,0.9389635621520817
51,164.51491277733882,2.3764871496270015,-0.040193139628118255,1.0740203707220743,0.8833660779487398
46,-168.75984190295128,0.18495777811935632,0.6784775039185095,0.3106710424287318,0.528638674395539
46,-19.01792897729725,0.7272485448012457,0.5013450364619293,-0.027462103120619974,0.4811405170852512
51,13.377688093209848,2.8720959857499686,0.04972198531759647,0.78258305477137,0.9772312287249669
30,-8.620090254850176,0.7085608700251997,0.40712079185475414,0.5117681129208047,0.3470225919890664
31,-68.52876588777083,0.5851253070984503,0.7935657902327778,0.19879564470400687,0.35057364709337613
30,-62.98206997334262,0.20363799772977526,0.39266719677771045,0.08792323493037504,0.5180871111482432
30,-45.61885280208904,0.2459447101623906,0.45711520743939266,0.19426025362132063,0.4508455586193095
30,-64.70020016284886,0.874885671589,0.5415836836286061,0.19491992113804665,0.4372951385302259
52,46.38791167949097,1.5667300243196918,0.06382907527955245,0.9658647545165725,0.9376714472870212
46,171.05230015913514,0.4882941441867368,0.5957932055215684,0.266226298215962,0.5019545844798182
30,-105.74917850078336,0.3746271362702328,0.6807608507769263,0.09608888316322609,0.49472448919992346
46,-186.9802979579078,-0.10774236193341302,0.5506157655460713,0.3687548055236794,0.5653478981951741
51,-58.82820483512548,1.5149480911440822,0.019457118009746713,0.7631935201601995,0.8477685498099365
31,207.97093376543188,1.0734257261419171,0.47430548748782186,0.27267940464018037,0.4867395921759503
51,-130.36745679697307,1.8944140353596093,-0.028151715328562685,0.755643719256773,1.0028050625834994
51,113.91168054440675,2.865382059533262,-0.008972983225389017,0.9938738604816109,0.9894145828318002
52,117.77008140764406,2.5071365339182172,0.12175436996111177,0.6737194888866884,0.9957038582112017
31,-105.35882417079947,0.1235231995993123,0.6202576505225228,0.22775525134935318,0.3328852835204651
51,6.898307918527536,2.29648184353661,0.12266377380212723,0.648809858661616,1.0307936245061156
51,112.83966231285382,2.8431592284783505,0.04608846704707411,0.8720883352585547,0.9017553349906807
31,-87.91277409874871,0.5037497965721751,0.4898005283364068,0.26882053064528827,0.5781942535451918
31,-70.35803601023618,1.3605209167000305,0.41575673698736737,0.15563931697926142,0.4934589766404606
51,-108.16809139486438,3.4882202922577425,0.02050538411221961,1.0665102935330255,0.9413063089842706
31,-151.4756730692867,0.8176185589651637,0.5654431027105621,0.13568166579729696,0.3893267012270549
51,-114.9277545066007,3.308606287484312,0.05126054337700411,0.6790186472143651,0.9147444739917019
51,-172.39402667622565,2.5521779687616064,-0.027155911397143517,0.8995576618835556,0.8825197372144036
52,-46.59165317407739,2.050607975838436,0.05821473826852846,0.9074824005640763,0.9509997743103209
30,-126.99732310586418,0.28005314086700106,0.3441213004976158,0.20150277502870972,0.4008908864668386
51,-26.62140882092523,2.405439804611483,0.07464932292572296,0.46114882080098446,1.1188691459541322
46,-205.58956462036272,-0.057370435419486165,0.5423889482443986,0.05288735946264819,0.33244195503759055
30,-16.91197677855429,0.6809742501714181,0.40342173671360404,0.23362778892475627,0.41934801675434386
30,33.35289616089247,0.5894475397971577,0.4461426326703376,0.12629706388473028,0.6677200509966097
30,-249.37356425714555,0.6915980505929307,0.45332411880485596,0.30567249112804185,0.45648612520379656
52,-12.594343015242785,2.493955526076973,-0.0045812586079551285,0.8603746761442024,0.8987390457131283
51,72.76689924732922,1.8738032777934404,0.06169240128947992,0.7227355049105649,0.9557470885879565
52,-170.96410186912055,2.681815941312484,0.10177217082084725,0.35894112544881884,1.0213664325797385
51,117.25723868377034,2.94344369504865,0.008196892394998767,1.077952826789271,1.0060844571193959
52,-8.09809906339548,2.2896191031594735,0.12122479106234739,0.5309580658382795,0.9614547415823189
52,-120.50118557584088,1.1978930716864329,0.04541469879274371,0.5993122193000994,0.9338416167148758
46,-55.5769077657706,0.9309006217117936,0.7022590230569481,0.4452369912868724,0.47484480998158635
52,5.832691252172239,2.718369275866755,0.09988160384601223,1.0832823583400586,0.9240681001257711
31,-42.39946085875885,0.5138008241759823,0.4220980578480014,0.2011880434517792,0.6493709759005535
46,3.8755992446369163,0.22861568750187017,0.527242139665361,0.23865862299051924,0.5611070905110571
52,-142.0673593079366,1.9644731601754755,0.03541206838707314,0.8616584127277642,0.9456831070876636
30,-33.0639175963922,0.6996250471075336,0.6191085854773477,0.18528604951858932,0.4066880911313858
31,-191.37144969049803,1.0823652309391247,0.41813949733399214,0.13433759292002953,0.5673472796158231
31,-61.12260613487003,0.23650307684607835,0.6092106783982426,0.28739897510068824,0.4753081672510545
31,-140.39076414647897,0.38659763029453487,0.4452094695793065,0.207843924608367,0.30740221815548985
46,-123.55299425897665,0.5694337767576717,0.36641375958313865,0.21829944496452605,0.6787239964604669
52,73.60931752104374,2.459238663449177,0.09647049923954078,0.898795476441129,0.9896355508866832
52,59.13101205942691,2.673838241769168,0.04339317055492264,0.7275304884907796,0.8761671388240972
30,10.913812090717698,0.2381116728638899,0.7587908973530685,0.2236142409879101,0.6278434957965715
30,-159.23127646725789,0.7644222586770713,0.38002747349097865,0.29049620414942,0.39989904555171857
31,-81.64084496948018,0.7163406087636744,0.5698919685080789,0.17741932509239583,0.6033189864363148
30,71.30976999791834,0.22511776983088255,0.4590198756206467,0.3436429519558867,0.4348557450136319
46,-35.828308636009524,0.9066328403316487,0.5783358710524031,0.12960836745844556,0.3133299413196058
52,181.9329539981694,2.839686641478252,0.020078120970947657,0.9820431567329491,1.072993599251469
31,-10.668216060562813,0.5402889491743379,0.37372302243014355,0.19327696928038687,0.5397637501776279
30,-30.795088350996842,0.5238793587128109,0.42241251768335164,0.19174074246487097,0.4537263352003662
46,-80.91164642025014,0.6662173313347721,0.5078964045668084,0.2769968731335223,0.4692951659074899
46,-36.64590952177177,0.24148907892312255,0.43589187334616447,0.12250371759360153,0.6143566044928613
30,-65.24698363805439,0.5090094437492246,0.565905434391342,0.3368094236814898,0.5106493980290092
52,20.810867668859046,3.0970547015236862,0.10796905216502611,0.9839743031908861,0.9903338201082181
30,45.67023167945841,0.7629366936508806,0.5599577541245355,0.19608559730316583,0.5702030323667326
31,-128.59894605079495,0.031552033267442214,0.6618787639660868,0.32497104201843185,0.5197675566954245
30,-183.1232953557778,0.9510259485286997,0.5415826629455343,0.09435029293747399,0.2478395198537957
46,-233.62053731032967,0.40096397181006493,0.37831032896598327,0.3075221541181916,0.5428352913771448
30,0.7991326912543641,0.4364999054206469,0.636337651353834,0.3047276408559463,0.5391828707716102
52,-160.33666061738737,2.2012449026541794,0.12545655067022754,1.089764021667543,0.9183205242253093
51,-265.2890592952483,3.211184930849254,0.08028031163156565,0.7369836144182154,0.8546881689955309
30,-11.142139546903593,0.925559403544411,0.6573734216555106,-0.09542489412420313,0.4327606415673498
52,199.29995174327905,2.9894290253908977,0.028484534002267883,1.0933565113797954,1.0605344863007882
52,-50.60709115398933,2.542659071282512,-0.024202833246216762,0.9011115706430016,0.9902466695366162
46,33.849077445164184,0.6014070443305124,0.40817878334902086,0.10217450619395227,0.5407090383398832
52,-41.8170641452435,2.0847777967217174,0.11033040774319576,0.5618166988052546,0.9941198544894989
52,-59.88896531911426,2.7612570526328786,-0.02635839282948238,0.9357456138558838,1.0013739671676345
52,41.90764829877686,2.709199110444342,-0.0027544684088347537,0.6141727318980483,1.048703934387251
52,-79.02745441886513,3.200799296473215,0.05631338681170341,0.5731959628130084,0.9688631629671113
31,-23.260768592809704,0.15399484682121217,0.5696322862080323,0.12844870145147713,0.5129998225801595
31,-17.83021938039864,0.8411943627094187,0.5278799812385461,0.31214992118499285,0.3936963727146282
46,-116.80904536430488,0.6015658628857743,0.47913316287795343,0.13389749453725058,0.542124737869098
30,49.204234953652275,0.21862232703908036,0.46873315542676425,0.14850612935667276,0.5846839945469166
52,-67.49597566954087,2.3080143640238244,0.0012939076891815837,0.9917632612935345,0.9139215458829985
30,-125.57451594928447,0.1922741949079168,0.5553569531067793,0.23389935138094198,0.32315845743619276
30,3.6509843570403575,0.8302464195267816,0.47426999993822105,0.2456249488528533,0.5995167665158606
46,-139.84679817910373,0.81841128946194,0.6082112312993141,-0.10446565392431623,0.593736741425368
52,-47.18188426308718,2.8033615295680914,0.018498751023305282,0.6378942740356748,0.87879161999062
52,-50.91189966442035,2.4084016906398062,0.0865977751254923,0.9713951073965572,1.045580303353166
51,58.589556583157815,2.767252824240275,0.040153909600155524,0.7863107014667169,0.9179417535301574
30,-2.5301767120047245,0.4999058982164676,0.4021259163690234,0.10277017552651653,0.6032389398126397
30,-52.502695874514394,0.14543776237375966,0.4727589983396313,0.15497466122217285,0.6923513487603454
31,31.77662992002871,0.6348421738496921,0.6233724278336193,0.12439959805433953,0.404695953663515
51,89.02075490173132,2.615035379595701,0.07473528268875163,0.5520823974949944,0.9621035335143984
31,5.781030635186227,0.19557215204424439,0.5188475761018103,0.005347471364113565,0.4913782901992547
31,-48.964738015661936,0.3915611699918043,0.4343310654372587,0.08820723919632603,0.48703269479713995
31,-181.18362323501594,0.6249338114304358,0.47396909587285624,0.3539197200174908,0.34634693096179614
46,-156.51136630753726,0.48382854529827823,0.34899587880147476,0.10717800326519822,0.4715210590484605
46,-80.52247043546677,0.20530892588680566,0.4779461770843463,0.3243428278102925,0.40027350420315844
31,-110.95122021592832,0.8365573568691412,0.4806294620195038,0.2355338195590137,0.45361455704940545
51,-68.69713029854461,1.9499228835141524,0.03317237050609133,0.778781872931716,0.9253540862525373
30,-44.33500751028929,0.5588394377071721,0.522328091325537,0.2635329195216206,0.4551091612686994
51,2.969275435673083,2.889468251756057,0.04463676170945292,0.7984622008557262,0.8838024457890218
52,-57.04987780590912,2.728886433075943,0.11101414482088585,0.7224248436275061,1.0403815402835344
46,-1.34983561737981,0.5773927943663543,0.5210303040221995,0.22449570931720042,0.33852501377086686
30,-43.55255851898798,0.8311632029948772,0.5198393517177486,0.24746334855667923,0.3554481852254676
30,-247.54665663538714,0.6425503239486144,0.4990817646614861,0.270759182197462,0.5361914270730527
52,-143.93353938187545,1.9541495619303428,0.020223253240807038,0.6966306233652343,0.9419962756695848
52,-64.40875557216154,2.3064501487627993,0.09502665386657959,0.9238065893177065,0.9378294848716046
31,-170.96947428411076,0.1723509101845731,0.5475588435928582,0.06243659112136382,0.5225269722015047
46,9.992872999620452,0.7504253978974647,0.32531043086544453,0.1526354542348809,0.5606762150206407
46,103.07508323436974,0.7741314864156756,0.44612391626539044,0.49430483352686216,0.6410692320420894
51,71.87618516973167,2.4642003740709666,-0.007684614066992924,0.5283650157044812,1.0071699053574776
31,-71.3442870930208,0.9769516934542051,0.5256170605694278,0.43692873008114974,0.44255132945837244
31,99.07261368499519,0.6722213662682004,0.6193311005927126,0.3395434082199186,0.5871702585598814
31,-35.133254279788844,0.919878393543738,0.42282591854032175,0.22418020715557488,0.5509513563929685
31,-83.70859711180393,0.0973616754544655,0.4502038153182158,0.23014070697811176,0.4812669690178699
46,-111.34026635409398,0.09025275337536837,0.44874658893534497,0.19634199601231545,0.6391457966955942
46,-80.24696864881284,0.45530920706981093,0.41984724098954584,0.026219538415350047,0.47877556901600693
31,-88.81768185412287,0.6508353280685583,0.4652813504887737,0.20180472524682244,0.5032773637555782
51,-32.95837776245123,2.1698394302632766,0.03413247538787326,0.7909754219351897,0.9414371847587533
30,-33.94260189501354,0.7118236741445394,0.3946164504635654,0.14003600051787965,0.4065406105101529
30,-49.695397984658555,0.42719561695639,0.5427814395152903,0.24119529990618097,0.5077585389486391
51,-6.306183025365016,2.7460094239963997,0.14741713223949066,0.7712680940205764,1.0791786830083283
31,69.06462747863414,0.869000171815745,0.4438662003557794,0.10903195606875246,0.5444968315376176
46,44.95541354413237,0.21058837227478555,0.4670510699782014,0.15486971356563356,0.5031063426398932
30,-198.48979684499034,0.9885405664316964,0.6674859672914065,0.0982088509522841,0.4838232718834331
52,-305.39211349019547,2.260581271995798,0.0476314648727782,0.713540964178534,0.9311788722705902
52,43.431991123927375,2.06861211797844,-0.02910883816730636,1.054542946794253,0.9658033934864975
51,-186.6878698415421,2.846739455956997,0.002980054175782336,0.5661038741593967,0.9791941511142
31,-72.47654018926835,0.45890135316726255,0.5034029586346681,0.34194556807978393,0.46681351381780206
30,-167.01130260593595,0.344181088452162,0.5613770855789909,0.10845229709097076,0.5324781594110115
31,-230.19804375800197,0.39772763679617607,0.5375455857627253,0.212645921906069,0.5479939741148279
30,4.146272820478799,0.6284950077125713,0.516757010580099,0.14971312463290443,0.3992805012473022
51,25.915516030264683,1.8170221443997328,-0.03364469506557871,0.9468953490002436,0.9885231797843613
51,-107.65104007267195,3.1059719926932003,0.07021064326386661,0.3845760292452252,1.0596724775144193
52,-309.104229214491,2.630625265616928,0.08579363723454797,0.7529452180055123,0.9977851985556934
31,-104.62444482524828,0.5235731089157449,0.3367985114973583,0.23061345531027555,0.5660343054562682
52,-10.819599459745348,2.5716942336711255,0.03379659123955149,0.4910128155693199,0.9054782123528669
31,-197.89115687741287,0.6374504344366096,0.31929586050681835,0.08081252958087502,0.46049531478304323
52,-31.664008022084435,2.7043264057403356,0.08401101802383457,0.5001637596084604,0.9203648588521446
46,-51.530984917299556,0.1540002790382765,0.49537387827336576,0.12403269822474466,0.6423953845541167
46,7.9291499601088375,-0.006203304133213128,0.511410149222652,0.26636463470328414,0.6413769648291259
46,-38.04196315858467,-0.03816774936036704,0.5061883352887135,0.3059565572623397,0.49708273007734394
46,-147.30689408815556,0.09336574906631323,0.4072446669188272,0.14447195030946708,0.513931963072956
30,69.65715016644913,0.2872937127108529,0.4809759155586784,0.30380125273159625,0.6110911144734433
46,-65.852957302697,1.0859777412579703,0.35025533313942514,0.27642132033388556,0.3499197984737825
51,-52.73045395099319,2.232099268473851,0.02371845330073078,0.7507329437640304,0.9784322308006385
51,-143.3267959073196,1.6463210212035266,0.05162035066700681,0.33970565646600265,0.9691460855028631
30,-94.32822511915103,0.6201444159518986,0.4511113880956309,0.0714135982720285,0.5975200541684766
46,-138.4802714026901,0.5393195558647547,0.6588940328444083,0.1494510244555489,0.5369263777649904
46,-67.2946059923423,0.4767669617822019,0.37577534664507706,0.2208853542534332,0.34941675946693795
46,121.17084801423434,0.1414118709202266,0.3874412885968031,0.20582127270850567,0.4950089766958838
52,-187.19011429313562,2.580009112926394,-0.0046060600174283595,1.023778919586134,0.9624804729104856
31,-211.35613978767412,1.0421589930913655,0.4932128618300518,0.009080254102275698,0.5331038902817213
52,97.11703274936085,3.0586994079512304,0.09972236877544538,0.7656652692150434,0.9407855499083644
31,-70.93236771518661,0.19279142273408617,0.5739675468117834,0.39723444790822005,0.39742766050253925
46,-116.90727386599166,0.4160568972868982,0.7571995317494968,0.24642512381230036,0.2935134722316358
46,53.99046873960765,0.2106386615269426,0.2750567545799236,0.26091355190535137,0.6221804684976702
52,-110.56155397368642,2.293267419438362,0.06476399703104342,0.9813088314219929,0.9904828765074121
52,132.60097135469363,2.630140253291443,0.011175042975349984,0.8144504096475832,0.9615355874537481
31,17.7925871339269,1.1495168203419808,0.44135848511112263,0.2931665966868095,0.4997761883525819
51,-98.79114081457027,2.0214245425524786,0.05880949112513462,0.5123177666410882,0.9653173766966011
31,165.73082132655034,0.5637722091896644,0.40912303291920266,0.16873228303467241,0.37409350885518067
52,-110.57149230033383,2.475673824214774,0.05989583336710378,0.77469622060921,1.0121431281429156
52,24.209537200930697,2.516398497705793,0.019626385618984638,0.8878905380915981,0.9561714590851824
30,-20.07074195935081,0.330815753582527,0.5023195978557374,0.23141294964506662,0.5366606247013805
52,80.17412893987981,2.3847996428971165,0.01568604321224578,0.7951202865527687,1.0315064982437205
30,106.15111967268527,0.5234429188908942,0.3487471034701124,0.23143386831314305,0.6746490631594622
51,-46.79958509342334,2.9450992055623932,0.057291823510769196,0.9685027792910009,0.9205373134602466
31,-125.34178703461835,0.5417181195960253,0.2822032267805312,0.2833179431270182,0.5808359549665708
31,-4.0027857060883605,0.026901055342700875,0.43005854598767124,0.328279496883898,0.48803410975268496
30,-117.77153697521061,0.25915266681474736,0.5161698526704753,0.20780074184788577,0.6514280735720483
31,151.3387247526623,0.4778081409216866,0.5102858577932334,0.06922234348523393,0.4781994368878876
52,-36.34646689172626,2.1749880327965507,0.023363725089154824,0.6670697804995875,0.9327046359666585
46,-86.53215513121087,1.0917626530369424,0.3588943168933918,0.20440625674065996,0.5169974539749269
30,-31.53196941350916,0.08420361728030062,0.5803154742614022,0.016423124382290988,0.5701823040543343
31,-184.71262895296965,0.6516767725507624,0.5239627518238998,0.33886645201024823,0.5636908079002986
30,-147.16140385106516,0.9467339324984869,0.5733054281465999,0.21423779125104664,0.4524874721555397
30,70.04139079444253,1.1814349236268389,0.31072378224099484,0.2381352834580285,0.4467006280574046
46,-115.68942789713958,0.3786807730448116,0.5311490858797789,0.3365526462526266,0.5639902957152084
52,-154.69109826819397,2.1391312233313733,0.07436526185224974,0.8660227580941888,0.9616932550504623
30,3.6652752527286196,0.6709281071595941,0.4602676747448638,0.257404193088403,0.46066488751771273
31,68.57041546629969,0.5586445194659873,0.5534364898636384,0.18901358768980644,0.3412811930321546
51,21.89533106650667,2.3641724448369734,0.06742975599304903,0.9008541496076768,0.9415362780833687
30,49.604768580581634,0.6307926168500138,0.4148460020220681,0.12278076121956208,0.5623525798825859
30,-125.67950885694607,-0.25967382556590557,0.5006273156184419,0.36656032136865274,0.6805416846419781
46,-192.18106667418436,0.7046208470187894,0.3468464684756357,0.16244999599244292,0.3802042037659338
52,100.13336519554866,2.9148662089395874,0.030752855579495943,0.8612901725926682,0.8647020452554632
51,-82.26798388421358,2.905698277245796,0.0770454259280495,0.7124525355191351,0.9186453587613852
31,-75.08330164550473,1.1140586587158672,0.6118549944255326,0.3179988529689787,0.6355805339431502
51,82.81941418490578,2.9093888218774304,0.01658274025765992,0.8878972096017024,0.9426759664635919
31,5.623000940065992,0.37907720328049077,0.44764240115934173,0.20974341102973032,0.40926734406277343
52,-4.411222791839236,1.938727596877793,-0.002922031682082639,0.43924990318150076,0.8971081690694882
31,166.5002344901084,0.250381608545043,0.5876173931693075,0.24000000056135665,0.45953614799590536
46,-114.3518230380143,0.3349654151190383,0.4290568842671524,0.42887906608802895,0.3775612726642046
46,42.78401280812372,0.45589237297074503,0.5644595432415176,0.023676330109651478,0.41072266927238493
46,-44.29868751029155,0.7522203446388648,0.461754760233071,0.27820273875741275,0.6734041954422619
46,-23.140772113674306,0.562340752205994,0.302403670010838,0.10883826978460975,0.5384209221649462
51,102.84684264125318,2.695347960464072,0.03245752849617627,0.8982891021788805,0.9225037583767827
52,0.7835756289623745,1.8367639358444585,-0.06091738800255407,0.7541837938156581,0.9244968024951958
31,3.8296079049632965,0.31779367003633663,0.5033902723682337,0.15716817422022444,0.5292148842118799
31,57.250733730980215,0.4768336864330863,0.380959226432551,0.19895348709472707,0.5280235946002494
46,-86.49527295428854,0.6277530975889487,0.5925975100714617,0.08658288547222096,0.5292168828207326
46,-133.92096673390063,0.6254617267663916,0.4908924139646973,0.30291804361279673,0.5114845090277753
30,-154.48091940210335,-0.03280352621452065,0.4822404005241261,0.020585648880139973,0.586879833830555
52,-246.63565893760017,2.7571273780089176,-0.006639247563387254,0.9019378462449312,0.9483748053471155
51,155.6207129940322,2.786028720857072,0.06751851081931692,0.6371203625107353,0.9915249066992976
31,-160.32083657216833,0.9153596142781719,0.49799012482303484,0.08290751061925464,0.43875771090991317
30,-72.1253623585772,0.6332594981872015,0.42287997004507094,0.22023833705986953,0.30209813065102875
30,-77.68132998889206,0.8303968873207286,0.322603038388787,0.0443048913293522,0.7026817116042392
31,-19.259330219089925,0.6399635934350381,0.431395024296482,0.20397138217196348,0.5862754591952687
51,31.573721253929676,1.990167830653942,-0.061523400956222954,0.276373360261544,0.9460605799959849
30,36.04734883597453,0.6566751908053335,0.5107057452992296,0.24612720843178312,0.47181551506029
30,-108.30774385689384,0.47062542606712876,0.4654853118861973,0.10756426663696245,0.43631235257935663
52,-66.71217137864114,2.6126539610204706,0.022345509154293387,0.8270380681974773,0.9355924868788742
51,-21.742004951170035,2.315236535583321,0.08479319195468926,0.7347532591117282,0.957523724938695
30,-74.8691126183547,0.672123326301324,0.4942958833147058,0.12274578881577641,0.5114476058818779
51,110.73455760199926,2.913023585720753,0.036372763931909545,0.7437671915070886,0.9597477546206094
31,-0.9025048361748702,0.11350771476093868,0.5341825213954966,0.048616949875514626,0.5826838630709115
46,23.48777860498174,0.5878146446425561,0.49399624583114354,0.26308756035961556,0.4895990772275305
30,16.288126866741266,0.5436563593304722,0.4398055558064823,0.37649138055507714,0.3241791123344565
52,67.3473857485325,3.1907270393452434,0.061157652737384854,0.7743473039032339,1.019970896332694
31,-31.897844129629306,0.542294809883618,0.4149386747048052,0.20911681466664392,0.40278377820566746
51,-179.68319479558465,2.844853902622597,0.08401151042088145,0.9803457394280548,0.8844225431050659
31,-10.031204824735838,0.7086207423650897,0.5755665838744315,0.02193743270925108,0.6434177036520327
30,-115.1356893791829,0.15769744707417854,0.4778111728707731,0.3502734326305588,0.32605747557677217
51,-102.86166817497568,2.647112064506747,0.0060868373588266675,0.64679095951992,0.9832667267254437
46,8.636401875509328,0.25851005574423175,0.6768169293059784,0.1516066555048767,0.4447307046216503
31,73.82830714336357,0.38369002507743166,0.5319965191145163,0.32371808002890096,0.4618368904586789
30,-47.87284232639384,0.3759153003111072,0.359305659948683,0.17455239233546585,0.5740125664105244
52,-19.116698740103622,2.041904042259379,0.02525172598159635,0.7454310907319739,0.8622247205647686
51,120.22149446352378,2.0840888958847774,0.025121375084539307,0.9940350165135718,0.9726952614720673
31,-25.924682051143172,0.461703595544543,0.6704592093297377,0.09366455001696815,0.43742269562682234
31,210.16831141803948,0.331817708945807,0.3891887541741131,0.30216247643999483,0.5229924345417938
46,6.550964563154416,-0.3788346070006804,0.5976040719355946,0.09440101880731566,0.5777797630877715
46,-226.07627591558176,1.1158916073504987,0.6399486426972343,0.09499452101768138,0.4267700450262911
52,25.33416211045325,2.2099733793149783,-0.00785583093566354,0.5636036007863563,1.000365217873663
52,-11.884161511722226,2.6197022502676885,-0.01665641773889033,0.9991947357692892,0.9511692607329253
30,78.97527540827457,0.5056457149221796,0.396369075262623,0.13832246384802924,0.6045460240482252
30,17.31813512699584,0.1485036958047315,0.4796538858919695,0.06520042156328312,0.47985800999230266
52,-63.84559839837738,2.5379776339580435,0.10942984115435041,0.7238473192276391,0.9124794936122671
52,-172.42982362893656,2.871341209179861,0.14246810706931906,0.5461069467974374,0.841898385003628
51,-70.90232572860253,2.7411244763403286,0.09215526661616201,0.7663399153656715,0.9729194504978533
46,-135.05204542093003,0.8070591932556034,0.4251903935378353,0.08483188909656565,0.525893042822569
30,-108.05234498047227,0.5525860336801771,0.30326749357740057,0.41112963340995845,0.5536807469224904
46,8.857840442060962,0.0989823683372208,0.4978755220723758,0.11394345961861131,0.3750435088075995
46,116.99045043514062,0.3764529893109028,0.529353752996864,0.16769576312269932,0.6433633608817878
52,-10.53284701770189,2.518968917723801,0.07088403761197004,0.7034032147854319,1.0200750173276079
51,-169.58830620351844,2.8416644964055346,0.05537221871704463,0.9061366246020096,0.8895570567689639
31,-5.53973317798593,0.4344040167694892,0.5124752099663934,0.26213467399691026,0.4905730929235099
51,69.66314866456511,3.036489023883006,0.0661592741229103,0.8075149718671731,0.9462164463671467
51,-110.97829043193822,3.6819362473096806,0.11419084299267807,0.7370618342423816,1.026877565951717
46,-63.401716667291765,0.515677547149245,0.46266315749969156,0.07635217134076511,0.3141708511774892
51,-48.53118052708029,1.8094776984231125,0.07721101761701736,0.3238521788953006,0.9202748152025496
30,-128.48983130822398,0.2848951552616191,0.48301476423222695,0.19046589088033175,0.28731665122007344
46,14.828043384385907,0.1146247202900092,0.663673996183064,0.3730321814857169,0.5031621973910247
30,-62.09481486077816,0.7933446649058601,0.48166992904738026,-0.024558589756516286,0.5271683584500031
31,-8.046755609297222,-0.13169408255209736,0.49802056554792923,0.21954032212833205,0.6590795742171253
46,-138.74921778021002,0.8460771029950775,0.4517686429063697,0.3918606333876208,0.5120634760893454
31,-93.74583003234105,0.915904819178853,0.6098983357441965,0.16467358645618418,0.604402512944238
46,22.238135782777135,0.40934582390521357,0.6959837254744675,0.1774506576665364,0.5583837081539059
52,-87.28331520917669,3.3596889531036482,0.06429016433973665,0.3944645456658303,0.9483759482078952
51,122.69638512334052,3.496257676584059,0.007742302078692052,0.6227919506043246,1.0456344067178398
52,-89.96361856146024,2.1166717061083262,0.07766944915372134,0.733484124030025,0.883757710953363
31,-27.531527424811408,0.196820534021326,0.2615693211214254,0.1662184905808597,0.35078979828546364
51,43.25908318730899,2.929793943489901,-0.02973779790816662,1.2996860967442991,0.9878588410551011
46,-191.83657329330316,0.9590585596590053,0.5134166415995843,0.32288565502005595,0.4837937897963176
51,-226.08088119807758,2.477294391033881,0.021103961158364472,0.5186045075792023,0.9007683156491022
30,-202.5656314570095,0.22263076568657003,0.4288537805916295,0.22506282321033022,0.45197855658676006
51,76.25841034271821,1.540163421901172,0.050066284436720364,1.064199157908142,0.91382566887901
30,-105.18581458924467,0.4018948047170687,0.4588975063496827,0.17356441667965333,0.5209348857334689
51,205.81992856682524,2.155136112967913,0.0021215522492394057,0.6186702909691415,0.9014468985446134
30,-106.42475986573886,0.6488597562089948,0.4621240163396907,0.13973756953854427,0.4567340486603408
31,-31.5448696802963,0.3394049862297023,0.7082660322109797,0.2001783041104609,0.5392456018470521
52,104.21099525678756,1.8717465528603718,0.09283512401212779,0.5947838311608752,0.9006238518786502
46,150.6092888159123,1.0805462120180689,0.37243173400042684,0.14997389834133246,0.37905646710409413
51,156.1503576636398,2.3605185348340956,0.009741412412856185,0.9994531135317746,0.9767729373704817
52,70.83662305931423,2.3601199157520827,0.10384240723288402,1.0363780085117789,1.0104505099450498
46,52.406252581146234,0.4450548586840116,0.2805617530179976,-0.07738149399339167,0.506589160860224
46,9.252694920118309,0.39299805974603863,0.659947094011379,0.18203802785943668,0.6665142382543782
30,27.83610761666378,0.8541922737356433,0.5703142542220004,0.3725693792814771,0.4732234481275155
31,-105.11857163285333,0.3118059662146091,0.5533207317899312,0.2121844464132454,0.632270321998898
31,-131.8198883422307,0.5135668126999948,0.5165403660299704,0.2753417473421093,0.5175574084925821
52,-50.3374457410952,2.193881632746125,0.07064994560688988,0.5259946745271142,0.9368419363970086
31,-67.01846225249284,0.34946474215654044,0.4516382860444563,0.13326666187835196,0.684804019177085
51,-95.32280493272751,2.0872947350105227,0.0689702698802555,0.7483908968777677,0.9347183778796602
31,19.63874474567153,0.5968923510853005,0.39487799702174975,0.2205455687036303,0.48789789689904356
52,45.53052085705107,3.122339790368393,0.06328084965862668,0.8982825512711055,0.9080911758834234
31,-41.15931137081526,0.650072140830971,0.4772893992219074,0.11996645938346963,0.4596296566002093
51,97.75300810552619,1.838771021628215,0.04652338568788653,1.0849255464154488,0.9796769716146595
30,-164.1689114133505,0.8662463896439143,0.5135563416414709,0.37448614066234936,0.26089214347160405
52,-69.36594592797181,2.7736323986889833,0.10289070904103981,0.9764572985198432,0.9792311476243369
30,-121.6822320602805,1.0136120852053678,0.5637605812231209,0.2217207937528401,0.5979259744286963
30,-236.653661707306,-0.024290952948478495,0.5258769805243921,0.15352327760882722,0.4750344461781081
30,-58.268068584269926,0.6304310193670674,0.6195531388086709,0.08227735825487897,0.5207542294888742
46,-62.17475083832835,0.642629204757987,0.3481030219186685,0.24685401615460692,0.3653214337884565
46,101.3449743242131,0.2613328796177353,0.5504581814477391,0.3782905600065144,0.6847866995702103
30,13.081168455477751,0.6273181813583038,0.5626538363336943,0.17526596129748434,0.6190529643717677
52,-152.4186824329205,2.385100184712403,0.06741708696230635,0.2593303905785286,0.9182862641591343
51,135.40925663341883,2.074296782869843,0.00510849667871853,0.8678711625512441,1.0064423743774695
51,72.10336955253528,2.587605709454256,0.025614731352562772,0.7303685206365375,0.9383196519508566
31,8.209770346861575,-0.24798124609902328,0.4338458557484708,0.04141543596141525,0.6982470450168927
52,-72.6484098849832,2.6837408327371524,0.07482000588669706,0.7262761268428601,0.925251772455465
46,-145.94392367234798,0.9887499094702835,0.4385461216308905,0.24512260161360988,0.7171802667396602
30,-87.2206776071053,0.32546538998238383,0.4143651481718796,0.19268926979910617,0.4077648670938082
31,58.87486197041861,0.14783601067730823,0.4388366263305441,0.12092290809146464,0.41806131695012094
51,138.4586305934609,2.7100472452259208,-0.019393427522790094,0.7321377625723682,0.9338045573392039
46,104.32435282721889,1.1203719014490656,0.5013043374376952,0.15966202540313174,0.544176064964948
46,-98.88494217862741,-0.049504674161807816,0.4820748974643088,0.0514813837300068,0.5175603549804371
30,-161.96174332890112,0.18460702650819666,0.4889994501298949,-0.0049474485669681045,0.4848048876528014
51,-35.911375308879606,2.736816038405727,0.05840076702662643,0.915785729714247,0.9059019617866413
52,-226.84393655628517,2.0368094350092307,0.09726057673057419,0.8920084647720933,0.8778642606998643
46,-17.683228581521853,0.46897063271291484,0.6315508290940104,0.2087973547129169,0.3474337590713158
30,-64.76025862986687,0.1282841892420073,0.5210496298921503,0.15597253631491964,0.44030279720988846
52,-96.60365018682423,2.291316593197458,0.08712294567963103,0.662865016481974,1.0133165133978144
51,-209.47030672667955,2.3524550428810467,0.018120622896201803,0.964059674901793,0.9854966374073618
46,1.360010656971653,0.7036840963286699,0.39443605102014034,0.15685443554401152,0.42017939236418456
52,-103.27008396619114,2.959227221971207,0.034832496626143294,0.93918642018817,1.034881188985467
52,-166.9916835710288,1.8771413117768079,0.039056687413218716,0.6966771602479784,0.9666040730708405
52,-337.2262213281649,2.5274670554999243,0.08831214875202548,0.5953493553248832,0.9823064838012086
46,-52.75149050506363,0.5992553913846733,0.668918893365168,0.26098800471904193,0.5328644025804808
46,127.2251596669744,0.9353004314394009,0.6669922781404639,0.19600735366266364,0.44261800860898814
31,116.125921454787,0.763825112341221,0.6223948753146005,0.2794923113875559,0.5783155656013175
51,-95.70962565862717,2.3457586057720903,0.020116615837257146,0.7645016232451434,0.9495420480732671
30,-110.22120603617805,0.9129489350058613,0.46347590225101537,0.3058170093824102,0.640861949344592
52,-3.1225743924976257,2.7164799126803483,0.0792157083217655,0.7261362459683622,1.0463142927427695
31,-149.83854391882915,0.7061197387576749,0.7035873535181792,0.20118626791807842,0.5671270136705353
30,-19.820810018053404,0.9399622577835809,0.5468978078148468,0.10192119915864409,0.5746023952982816
31,26.608027838469027,0.16652592514593467,0.45080430951305167,0.27399440513793166,0.43724599972559275
46,72.69332238843076,0.4892523263880611,0.6328056888986968,0.36797473822215293,0.29465134513441116
52,-60.015407647995275,1.7070083438810209,0.1196590628967453,0.7967553764808118,0.8835496181388276
30,-70.36737501769659,0.029642172390363264,0.5406622034222675,0.3917259148426123,0.5072288347124869
30,-137.7982586756561,0.604012993281476,0.4827370865709165,0.04744282919389162,0.5555826027575127
30,-132.68803540398602,1.2534669654753272,0.5638677139880302,0.08458366152204587,0.4773472527617162
30,-72.64788919015268,-0.05202332335172577,0.49364264608138786,0.2855201507748263,0.4569572301199284
30,-13.263449318382193,0.4903158166851589,0.35490721088887756,0.2264290210153251,0.70084730109817
31,41.35846262332494,0.692162880522432,0.5075576372670038,0.3313782176571808,0.3527645938489222
52,-130.3178950680345,2.5016877532985804,0.06800820919728835,1.0224201238442678,1.057414843189348
46,99.26885689595218,0.4660615842452779,0.4970783594146015,0.11320245774716681,0.4425398141816609
46,-77.11236010425688,0.11023509096625272,0.5775115121589086,0.17864067577949577,0.4664221382259578
46,-52.136729434843616,0.569836022882049,0.3954470514325947,0.046731602907626596,0.46828971674260345
46,-124.72116791478234,0.27297080689522213,0.4973739206730148,0.08714093269029655,0.41965657258287425
31,-292.4240260272942,-0.15697651149356595,0.4375489544911423,0.29724439979180106,0.557122421023624
51,38.40453963610497,2.6276918778371585,0.060965116860021804,1.0943170165139788,0.960424598528779
52,23.684389709243334,2.052326838818488,0.08959296551940338,0.7956286505115753,0.8322758538651698
30,-78.13275571182135,0.5154982930553239,0.5690073676336612,0.02789224790395306,0.5103381996212095
51,-43.30092827751281,2.0020923026048854,0.09262343217164754,1.095022472861971,1.0115230023879986
46,1.593921770409942,0.8222954038146684,0.5691618575121389,0.07750001113399495,0.5516825265824451
51,-206.25458568865426,2.9292255583283326,0.12260588495912803,0.8436777975088349,0.9722919437614623
52,-102.90526773462949,2.382689715021293,0.05070746324828792,1.0577726850412605,0.863887153302124
30,29.426467962182713,0.41075533973784495,0.49972138893330986,0.09142522892184507,0.4624016420648134
30,-175.42894231692495,0.893595121572184,0.44669095979841666,0.20297961651214247,0.44389108690190027
52,-20.644206783337072,2.3501616759966066,0.09044596346963597,1.228601410916982,0.9705191638393446
52,-185.6581804623405,2.4748976914791276,0.02077723540747809,0.7060471071325727,1.010733339006645
46,-3.3570017566473638,0.11898167338639037,0.40200744252177556,0.1265189102465809,0.5405035385855713
30,-53.564148229748355,0.5860867562905127,0.304266141086601,0.06007717407753688,0.41544478236453863
51,-211.51318159055094,3.232088619376219,-0.008848105638498402,0.6783012192537596,0.9508187120965647
31,66.47393544571713,0.3085151820414518,0.5193379451924159,0.1969213497586585,0.5753189949732549
31,-123.45915767980492,0.2553873115051637,0.365182295457251,0.14380698861420738,0.3917982214958064
52,-131.02524370143811,3.3793102420975667,0.09158083930902018,0.4413847204175221,0.9715504846065038
46,-29.943080276905714,1.1374314209050884,0.6900268424310965,0.3189226461255785,0.646644239118858
31,64.86373494287152,0.8994017185965208,0.602305655525224,0.2667245147429242,0.35907842019754865
30,-151.5821818978397,1.0761102506432785,0.664354150912053,0.19717821210627703,0.3467401765402238
52,-43.832015015202835,3.1117844412093136,0.08920013896553741,0.4913098113628506,0.9814869757204369
51,-7.118349966942702,3.0482346169054417,0.04058693324568467,1.1188355912408026,0.9367039962902224
52,19.310560726314407,2.187161356251894,0.1096556472925514,0.8207076307898351,0.9778437361184072
51,-32.35584447227748,1.8403764027006164,0.1010757696390932,1.0862304235523483,1.043202426520588
52,-86.70278390833224,2.3985096813021713,0.09594574273291648,0.7479927499639111,0.8429284559840147
52,-132.75902206487197,2.0999807178011767,0.027017161386350155,0.6239976036618473,0.9150199595648818
52,-41.38561169536253,2.4682377126923223,-0.00399212238907435,0.853836184051032,0.9395312193344043
51,-157.21390119856068,3.1187190673420697,0.019320619731860278,0.7568425747343561,1.0227413087073325
51,-342.13504834946076,2.271349172456605,0.05981204703333603,0.5644477084017284,0.8681798490396757
52,-6.344019584233216,2.4785883093442127,0.07728933567661778,1.0939568517574991,1.0467930512840302
31,40.39348410861953,0.056166733058082785,0.5382653551477492,0.18980133454063222,0.6136455574324845
46,-286.29324355418385,0.8777699719360397,0.6124932545303241,0.344694414638698,0.5103117925717204
46,-150.97307047099375,0.8439322611202182,0.3257228026118959,0.1339165764189854,0.4548554609675066
46,11.915426100519774,0.20798634859188964,0.5409438530642252,0.042701074292713914,0.4027172107417043
51,155.74954697116988,2.6056418461397364,0.11456369195079395,0.6784352214768752,1.0024058379634577
51,-47.92062923245921,3.1000394782134304,0.07108900371254355,0.44692248259400524,0.896573962295878
31,-122.80029412291344,0.43175712201397765,0.5458994001674291,0.22547311373802095,0.46758231389593585
46,-68.28964411048402,0.25281935390840016,0.4811797561227179,0.18711226213112464,0.28024989947379697
46,87.48764191481848,0.28426716456524426,0.48964131465942196,0.14909061946884306,0.6268713894576571
52,-114.59641791245353,2.1823188055871854,0.131753319726376,0.9825240645080882,1.0792987587841947
51,-129.91920066502536,1.9051666704548194,0.11558467246363306,0.8843433866006194,0.970952536737673
46,-98.27435221820323,0.7346390004594378,0.5418759960127497,0.23056655686425961,0.5857158388423288
31,-145.33286082587125,0.26273018549973404,0.5220583537737361,0.12687454311870433,0.6524638596482757
31,-37.73296840052045,0.26604411613350837,0.37290482789077173,0.11023406147249461,0.21980884305121084
46,112.46784584695607,0.8245954427749826,0.46214202567868456,0.13625125651749884,0.5434263649922072
51,-17.69207268839709,2.948533098443566,0.08431767775072666,0.6425651860026007,0.8245521410752461
31,-75.23535021262876,0.3754358696284186,0.5037696573123923,0.1951170164066297,0.5499110506798941
52,-79.18112689155441,2.8257609956697527,0.05339192569584689,0.9363486817630284,0.927048416341055
31,-206.3190808696657,0.5334117805520158,0.6766511800327634,-0.16883652914284442,0.563572652644055
30,38.310977714715904,0.44627201449515314,0.6038606069208816,0.11923494422532352,0.4500752385505345
30,-57.783719701280205,0.6187459343287769,0.5093158337699742,0.16084300226439607,0.3126759888180848
51,-68.04799135906256,2.7993971947809553,0.05279319699222485,0.9534958689108262,0.9494001327686138
46,269.3107567844861,0.720391263637799,0.24464504039441015,0.09199973916178679,0.5406847635139783
